City_ID,City,Country,Date,Lat,Lng,Max Temp,Humidity,Cloudiness,Wind Speed
0,Sitka,US,2020-05-28 21:28:28,57.05,-135.33,57.2,54,75,11.41
1,Ribeira Grande,PT,2020-05-28 21:28:11,38.52,-28.7,62.6,55,20,13.87
2,Coquimbo,CL,2020-05-28 21:29:14,-29.95,-71.34,62.6,63,69,9.17
3,Cape Town,ZA,2020-05-28 21:27:08,-33.93,18.42,64.0,93,90,16.11
4,Ushuaia,AR,2020-05-28 21:28:03,-54.8,-68.3,41.0,56,100,13.87
5,Victoria,HK,2020-05-28 21:26:48,22.29,114.16,80.01,88,29,10.0
6,Zhangye,CN,2020-05-28 21:32:12,38.93,100.45,60.01,47,79,9.13
7,Lata,PT,2020-05-28 21:29:08,40.16,-8.33,73.99,68,63,1.01
8,Faanui,PF,2020-05-28 21:28:44,-16.48,-151.75,82.06,76,30,14.74
9,Tuktoyaktuk,CA,2020-05-28 21:28:30,69.45,-133.04,55.4,43,40,10.29
10,Barhiya,IN,2020-05-28 21:32:13,25.28,86.03,82.44,68,34,12.57
11,Obo,CF,2020-05-28 21:32:13,5.4,26.49,71.28,92,99,1.72
12,Mataura,NZ,2020-05-28 21:28:08,-46.19,168.86,42.46,89,58,1.68
13,Codrington,AU,2020-05-28 21:28:46,-38.27,141.97,46.2,92,87,10.78
14,Canto Do Buriti,BR,2020-05-28 21:32:14,-8.11,-42.94,75.15,89,81,0.85
15,Norman Wells,CA,2020-05-28 21:28:07,65.28,-126.83,60.8,32,20,10.29
16,Puerto Ayora,EC,2020-05-28 21:28:12,-0.74,-90.35,84.2,58,75,10.29
17,Kapaa,US,2020-05-28 21:27:10,22.08,-159.32,80.6,65,20,12.75
18,Kimbe,PG,2020-05-28 21:32:14,-5.55,150.14,80.22,80,6,2.53
19,Arraial Do Cabo,BR,2020-05-28 21:28:15,-22.97,-42.03,69.8,77,75,9.17
20,Ikast,DK,2020-05-28 21:32:15,56.14,9.16,44.6,87,10,4.7
21,Deputatskiy,RU,2020-05-28 21:28:25,69.3,139.9,32.13,97,100,5.84
22,Nikolskoye,RU,2020-05-28 21:28:29,59.7,30.79,52.0,76,95,4.47
23,Yaan,NG,2020-05-28 21:29:22,7.38,8.57,78.08,90,100,8.21
24,Iqaluit,CA,2020-05-28 21:28:09,63.75,-68.51,26.6,79,90,11.41
25,Butaritari,KI,2020-05-28 21:28:17,3.07,172.79,83.05,79,3,12.93
26,Rikitea,PF,2020-05-28 21:28:06,-23.12,-134.97,76.82,84,39,7.58
27,Rudbar,AF,2020-05-28 21:31:53,30.15,62.6,85.66,18,2,19.89
28,Praia Da Vitoria,PT,2020-05-28 21:28:40,38.73,-27.07,60.8,67,20,7.65
29,Hermanus,ZA,2020-05-28 21:28:06,-34.42,19.23,57.0,96,100,8.01
30,Lively,CA,2020-05-28 21:32:16,46.43,-81.15,70.0,88,90,12.75
31,Maxixe,MZ,2020-05-28 21:32:16,-23.86,35.35,63.19,71,0,4.16
32,Chuy,UY,2020-05-28 21:28:20,-33.7,-53.46,57.52,83,0,3.2
33,Chokurdakh,RU,2020-05-28 21:28:11,70.63,147.92,53.47,40,91,18.59
34,New Norfolk,AU,2020-05-28 21:28:17,-42.78,147.06,50.0,92,99,4.16
35,Cantapoy,PH,2020-05-28 21:32:16,9.49,125.44,78.62,80,38,3.29
36,Nenjiang,CN,2020-05-28 21:32:16,49.18,125.22,62.55,54,84,14.05
37,Oranjestad,AW,2020-05-28 21:32:17,12.52,-70.03,86.0,74,20,20.8
38,Erenhot,CN,2020-05-28 21:32:17,43.65,111.98,66.83,27,67,11.03
39,Kavieng,PG,2020-05-28 21:28:31,-2.57,150.8,82.72,72,85,2.64
40,Hobart,AU,2020-05-28 21:28:06,-42.88,147.33,55.99,87,20,5.82
41,Jamestown,US,2020-05-28 21:25:15,42.1,-79.24,73.99,88,90,16.11
42,Pijijiapan,MX,2020-05-28 21:32:17,15.7,-93.23,87.78,61,100,3.69
43,Georgetown,MY,2020-05-28 21:28:34,5.41,100.34,78.8,100,20,3.36
44,Ramsar,IR,2020-05-28 21:32:18,36.92,50.64,66.2,93,31,2.93
45,Busselton,AU,2020-05-28 21:28:05,-33.65,115.33,60.01,78,0,18.61
46,Tatarskaya Pishlya,RU,2020-05-28 21:32:18,54.06,44.9,52.9,85,41,6.31
47,Diveyevo,RU,2020-05-28 21:32:18,55.04,43.24,51.73,82,59,4.21
48,Faya,SA,2020-05-28 21:32:18,18.39,42.45,68.0,68,0,3.2
49,Longyearbyen,SJ,2020-05-28 21:24:15,78.22,15.64,39.2,80,75,6.93
50,Kodiak,US,2020-05-28 21:28:03,57.79,-152.41,64.4,25,20,19.46
51,Fort Morgan,US,2020-05-28 21:32:04,40.25,-103.8,78.8,29,40,13.71
52,Punta Arenas,CL,2020-05-28 21:26:20,-53.15,-70.92,41.0,74,85,14.99
53,Port Lincoln,AU,2020-05-28 21:29:17,-34.73,135.87,54.39,68,0,13.27
54,Vestmanna,FO,2020-05-28 21:32:19,62.16,-7.17,48.2,93,100,6.93
55,Mayo,US,2020-05-28 21:31:51,38.89,-76.51,75.99,88,20,10.29
56,Aquidauana,BR,2020-05-28 21:32:20,-20.47,-55.79,66.74,62,0,3.47
57,Bonfim,BR,2020-05-28 21:32:20,3.08,-59.95,82.11,78,66,2.28
58,Calama,CL,2020-05-28 21:32:20,-22.47,-68.93,68.0,20,0,19.46
59,Mar Del Plata,AR,2020-05-28 21:28:36,-38.0,-57.56,55.0,81,100,6.93
60,Khatanga,RU,2020-05-28 21:28:23,71.97,102.5,34.65,95,100,13.82
61,Carnarvon,AU,2020-05-28 21:28:08,-24.87,113.63,63.45,65,0,9.91
62,Albany,US,2020-05-28 21:25:20,42.6,-73.97,77.0,69,95,10.36
63,Mayskiy,RU,2020-05-28 21:31:56,47.69,40.1,73.4,56,20,8.95
64,Bengkulu,ID,2020-05-28 21:28:52,-3.8,102.27,76.5,86,100,3.4
65,Pedernales,DO,2020-05-28 21:32:21,18.04,-71.74,84.2,74,75,18.34
66,Hilo,US,2020-05-28 21:28:07,19.73,-155.09,82.4,58,90,13.87
67,Tautira,PF,2020-05-28 21:31:11,-17.73,-149.15,86.0,70,20,5.82
68,Misratah,LY,2020-05-28 21:32:21,32.38,15.09,66.33,66,0,13.56
69,Bosaso,SO,2020-05-28 21:32:21,11.28,49.18,89.62,57,81,7.29
70,Tura,IN,2020-05-28 21:32:21,25.52,90.22,70.83,96,41,2.89
71,Saskylakh,RU,2020-05-28 21:28:51,71.92,114.08,32.16,93,95,11.54
72,North Bend,US,2020-05-28 21:32:22,43.41,-124.22,78.01,77,1,11.41
73,Kita,ML,2020-05-28 21:32:22,13.03,-9.49,92.8,28,98,3.53
74,Portland,US,2020-05-28 21:29:00,45.52,-122.68,90.0,22,40,11.41
75,Kununurra,AU,2020-05-28 21:28:52,-15.77,128.73,62.6,38,56,3.36
76,Salta,AR,2020-05-28 21:30:02,-24.79,-65.41,73.4,35,0,9.17
77,Yulara,AU,2020-05-28 21:29:04,-25.24,130.99,46.4,61,0,4.7
78,Ordzhonikidze,KZ,2020-05-28 21:32:22,52.44,61.74,66.16,66,100,3.56
79,Aklavik,CA,2020-05-28 21:29:02,68.22,-135.01,62.6,33,20,5.82
80,Provideniya,RU,2020-05-28 21:28:09,64.38,-173.3,37.4,86,90,22.37
81,Muros,ES,2020-05-28 21:32:23,42.78,-9.06,75.0,82,7,4.47
82,Ballina,AU,2020-05-28 21:32:23,-28.87,153.57,60.8,93,40,6.93
83,Sao Filipe,CV,2020-05-28 21:29:03,14.9,-24.5,76.73,67,0,6.4
84,Port Keats,AU,2020-05-28 21:32:23,-14.25,129.55,68.79,44,64,6.89
85,Vaini,TO,2020-05-28 21:28:02,-21.2,-175.2,73.4,94,20,3.36
86,Thompson,CA,2020-05-28 21:28:18,55.74,-97.86,39.2,86,90,9.17
87,Mahebourg,MU,2020-05-28 21:28:02,-20.41,57.7,75.2,83,40,11.41
88,Saint-Joseph,RE,2020-05-28 21:28:48,-21.37,55.62,71.6,64,20,8.05
89,Asau,RO,2020-05-28 21:28:17,46.43,26.4,50.0,86,100,4.36
90,Sechura,PE,2020-05-28 21:29:00,-5.56,-80.82,75.9,65,8,15.79
91,Khorixas,NA,2020-05-28 21:28:47,-20.37,14.97,59.99,34,0,2.26
92,Bredasdorp,ZA,2020-05-28 21:28:24,-34.53,20.04,64.4,63,100,21.92
93,Panji,ID,2020-05-28 21:32:24,-7.73,114.1,74.12,87,100,6.35
94,Bluff,NZ,2020-05-28 21:28:06,-46.6,168.33,49.14,85,61,7.49
95,Hasaki,JP,2020-05-28 21:28:50,35.73,140.83,60.8,82,20,5.82
96,Llata,PE,2020-05-28 21:32:25,-9.42,-76.78,56.07,53,38,6.06
97,Kavaratti,IN,2020-05-28 21:28:58,10.57,72.64,85.73,75,97,7.74
98,Alekseyevskaya,RU,2020-05-28 21:32:25,50.29,42.18,64.0,75,0,3.0
99,Bima,ID,2020-05-28 21:31:19,-8.47,118.72,75.99,83,95,1.66
100,Canico,PT,2020-05-28 21:32:25,32.63,-16.85,68.0,77,20,2.24
101,Pangody,RU,2020-05-28 21:28:45,65.85,74.49,54.18,48,100,17.18
102,Airai,TL,2020-05-28 21:28:13,-8.93,125.41,57.38,100,100,2.91
103,Miraflores,MX,2020-05-28 21:32:25,19.22,-98.81,77.0,25,75,19.46
104,Lebu,CL,2020-05-28 21:28:16,-37.62,-73.65,53.67,75,71,17.87
105,Malpe,IN,2020-05-28 21:32:26,13.35,74.72,82.62,80,100,4.7
106,Sakakah,SA,2020-05-28 21:29:20,29.97,40.21,82.4,11,21,5.82
107,Cidreira,BR,2020-05-28 21:28:16,-30.18,-50.21,61.03,75,0,7.36
108,Castro,BR,2020-05-28 21:28:04,-24.79,-50.01,52.36,72,0,2.51
109,Dunedin,NZ,2020-05-28 21:25:38,-45.87,170.5,46.0,88,100,1.01
110,Tongliao,CN,2020-05-28 21:32:26,43.61,122.27,63.3,51,0,15.93
111,Port Elizabeth,ZA,2020-05-28 21:28:15,-33.92,25.57,63.99,60,100,12.12
112,Saint-Philippe,RE,2020-05-28 21:28:03,-21.36,55.77,73.4,64,20,8.05
113,Tutoia,BR,2020-05-28 21:32:27,-2.76,-42.27,79.86,85,2,7.54
114,Hambantota,LK,2020-05-28 21:31:35,6.12,81.12,80.89,80,99,17.63
115,Esperance,AU,2020-05-28 21:29:19,-33.87,121.9,55.4,62,0,18.34
116,Pehowa,IN,2020-05-28 21:32:27,29.98,76.58,85.75,32,12,13.58
117,Cap Malheureux,MU,2020-05-28 21:32:27,-19.98,57.61,75.0,80,0,5.99
118,Margate,GB,2020-05-28 21:29:30,51.38,1.39,57.0,75,0,7.0
119,Prieska,ZA,2020-05-28 21:32:28,-29.66,22.75,49.55,45,0,4.47
120,Namatanai,PG,2020-05-28 21:31:16,-3.67,152.43,81.97,75,99,2.21
121,Qaanaaq,GL,2020-05-28 21:28:03,77.48,-69.36,32.32,92,78,1.45
122,Atuona,PF,2020-05-28 21:28:11,-9.8,-139.03,80.69,75,67,14.79
123,Atagay,RU,2020-05-28 21:29:19,55.1,99.39,34.97,88,21,2.57
124,Yellowknife,CA,2020-05-28 21:26:27,62.46,-114.35,50.0,34,20,5.82
125,Te Anau,NZ,2020-05-28 21:28:25,-45.42,167.72,44.29,83,92,1.12
126,Santa Maria,BR,2020-05-28 21:30:16,-29.68,-53.81,73.4,60,0,4.7
127,Manzhouli,CN,2020-05-28 21:28:20,49.6,117.43,54.39,83,99,9.69
128,Ponta Do Sol,PT,2020-05-28 21:28:59,32.67,-17.1,68.0,77,20,2.24
129,Narrabri,AU,2020-05-28 21:32:29,-30.32,149.78,48.99,81,0,14.99
130,Avarua,CK,2020-05-28 21:28:19,-21.21,-159.78,78.8,94,66,13.87
131,Ukiah,US,2020-05-28 21:32:29,39.15,-123.21,96.8,19,1,9.17
132,High Rock,BS,2020-05-28 21:32:29,26.62,-78.28,86.0,79,40,9.17
133,Severo-Kurilsk,RU,2020-05-28 21:28:08,50.68,156.12,37.96,93,100,18.5
134,Magistralnyy,RU,2020-05-28 21:32:29,56.17,107.45,40.57,83,91,2.1
135,Eyl,SO,2020-05-28 21:32:29,7.98,49.82,83.35,75,100,17.47
136,Isangel,VU,2020-05-28 21:31:08,-19.55,169.27,73.4,94,20,8.52
137,Bentiu,SS,2020-05-28 21:32:30,9.23,29.83,84.31,56,0,5.12
138,Goderich,CA,2020-05-28 21:31:53,43.75,-81.72,61.72,94,100,9.44
139,Robertson,US,2020-05-28 21:32:30,36.52,-86.87,81.0,57,75,8.05
140,Barrow,US,2020-05-28 21:28:42,71.29,-156.79,32.0,73,1,5.82
141,Dafeng,CN,2020-05-28 21:32:30,23.45,108.59,75.65,75,94,1.28
142,La Ronge,CA,2020-05-28 21:28:44,55.1,-105.28,50.0,61,75,9.17
143,Srednekolymsk,RU,2020-05-28 21:28:38,67.45,153.68,51.35,43,0,21.03
144,Souillac,MU,2020-05-28 21:28:57,-20.52,57.52,75.2,83,40,11.41
145,Avera,US,2020-05-28 21:32:31,33.19,-82.53,86.0,66,40,8.05
146,Laguna,US,2020-05-28 21:32:31,38.42,-121.42,100.0,25,1,5.82
147,Nome,US,2020-05-28 21:28:50,64.5,-165.41,48.0,87,40,8.05
148,Omboue,GA,2020-05-28 21:28:23,-1.57,9.26,77.09,87,95,8.66
149,Kapoeta,SS,2020-05-28 21:32:31,4.77,33.59,79.18,60,57,2.86
150,Touho,NC,2020-05-28 21:32:31,-20.78,165.23,75.52,78,30,9.57
151,Aksarka,RU,2020-05-28 21:32:31,66.56,67.8,48.02,89,100,18.43
152,Luanda,AO,2020-05-28 21:31:53,-8.84,13.23,75.2,94,75,2.24
153,Darhan,MN,2020-05-28 21:32:32,49.49,105.92,42.55,71,100,8.08
154,Klaksvik,FO,2020-05-28 21:28:24,62.23,-6.59,48.2,93,99,6.93
155,Ponta Delgada,PT,2020-05-28 21:28:43,37.73,-25.67,60.8,67,20,11.41
156,Port Alfred,ZA,2020-05-28 21:28:04,-33.59,26.89,64.0,77,84,4.0
157,Pevek,RU,2020-05-28 21:26:28,69.7,170.31,35.76,84,20,21.94
158,Monduli,TZ,2020-05-28 21:32:32,-3.3,36.45,66.2,82,20,11.41
159,Upernavik,GL,2020-05-28 21:28:25,72.79,-56.15,29.66,96,11,5.57
160,Diyarb Najm,EG,2020-05-28 21:32:32,30.75,31.44,69.8,52,0,12.75
161,Kaman,IN,2020-05-28 21:32:33,27.65,77.27,87.55,39,33,11.43
162,Dwarka,IN,2020-05-28 21:32:33,22.24,68.97,84.24,85,53,20.11
163,Sisimiut,GL,2020-05-28 21:31:31,66.94,-53.67,33.78,87,24,14.14
164,Ambilobe,MG,2020-05-28 21:28:41,-13.2,49.05,70.66,87,0,2.26
165,Bubaque,GW,2020-05-28 21:31:39,11.28,-15.83,79.23,81,0,16.17
166,Bethel,US,2020-05-28 21:25:39,41.37,-73.41,71.01,94,90,8.05
167,Tasiilaq,GL,2020-05-28 21:28:41,65.61,-37.64,35.6,94,100,20.8
168,Pueblo,US,2020-05-28 21:32:33,38.25,-104.61,82.4,28,75,13.87
169,Santa Cruz Del Sur,CU,2020-05-28 21:32:34,20.71,-78.0,87.28,68,92,10.85
170,Periyanayakkanpalaiyam,IN,2020-05-28 21:32:34,11.15,76.93,73.4,94,40,6.93
171,Hithadhoo,MV,2020-05-28 21:28:24,-0.6,73.08,79.66,85,100,20.27
172,Vokhtoga,RU,2020-05-28 21:32:34,58.81,41.05,49.57,93,66,4.16
173,Luwuk,ID,2020-05-28 21:32:34,-0.95,122.79,78.91,75,89,4.14
174,La Asuncion,VE,2020-05-28 21:29:00,11.03,-63.86,87.8,62,100,21.92
175,Hecun,CN,2020-05-28 21:28:23,36.53,114.11,73.45,26,100,5.93
176,Lityn,UA,2020-05-28 21:32:34,49.33,28.08,48.16,93,97,15.19
177,Sibolga,ID,2020-05-28 21:32:35,1.74,98.78,78.98,74,100,2.39
178,Port Moresby,PG,2020-05-28 21:31:28,-9.44,147.18,78.64,85,80,5.99
179,Vostok,RU,2020-05-28 21:28:32,46.49,135.88,52.48,94,9,4.7
180,San Patricio,MX,2020-05-28 21:28:52,19.22,-104.7,78.8,78,5,23.04
181,Sao Jose Da Coroa Grande,BR,2020-05-28 21:32:35,-8.9,-35.15,78.33,84,55,5.57
182,Huarmey,PE,2020-05-28 21:28:10,-10.07,-78.15,72.34,71,38,7.56
183,Gongzhuling,CN,2020-05-28 21:32:35,43.5,124.82,61.5,55,0,7.58
184,Alice Springs,AU,2020-05-28 21:28:11,-23.7,133.88,39.2,64,0,6.89
185,Hastings,GB,2020-05-28 21:32:35,50.86,0.57,55.0,72,0,1.01
186,Nago,JP,2020-05-28 21:32:36,26.59,127.98,75.2,88,90,4.7
187,Meulaboh,ID,2020-05-28 21:28:23,4.14,96.13,79.29,82,100,2.77
188,Caravelas,BR,2020-05-28 21:29:10,-17.71,-39.25,71.51,73,0,8.48
189,Hamilton,US,2020-05-28 21:27:49,39.18,-84.53,84.0,54,40,8.05
190,Qaqortoq,GL,2020-05-28 21:31:33,60.72,-46.03,46.4,80,20,10.29
191,Staryye Atagi,RU,2020-05-28 21:32:36,43.12,45.74,59.0,82,0,2.24
192,Tupik,RU,2020-05-28 21:32:36,54.43,119.93,45.36,76,99,3.8
193,Mahibadhoo,MV,2020-05-28 21:32:37,3.78,72.97,83.26,75,100,10.13
194,Bayji,IQ,2020-05-28 21:32:37,34.93,43.49,89.46,19,6,8.72
195,Bull Savanna,JM,2020-05-28 21:32:37,17.89,-77.59,79.9,84,100,6.93
196,Geraldton,AU,2020-05-28 21:28:41,-28.77,114.6,59.0,93,90,10.29
197,East London,ZA,2020-05-28 21:28:13,-33.02,27.91,69.57,38,100,7.4
198,Port Macquarie,AU,2020-05-28 21:28:16,-31.43,152.92,54.0,98,5,8.39
199,Pietarsaari,FI,2020-05-28 21:32:37,63.65,22.68,46.99,70,7,2.24
200,Dingle,PH,2020-05-28 21:29:17,11.0,122.67,78.22,86,76,4.34
201,Nivala,FI,2020-05-28 21:32:38,63.92,24.97,46.0,65,0,3.0
202,Vardo,NO,2020-05-28 21:28:22,70.37,31.11,42.8,70,16,8.05
203,Dikson,RU,2020-05-28 21:28:04,73.51,80.55,32.54,99,99,9.28
204,Kinablangan,PH,2020-05-28 21:32:38,7.69,126.55,79.18,75,65,3.67
205,Suntar,RU,2020-05-28 21:32:38,62.14,117.63,37.99,71,0,5.88
206,Dakar,SN,2020-05-28 21:31:48,14.69,-17.44,77.0,88,75,16.11
207,Lethem,GY,2020-05-28 21:32:39,3.38,-59.8,81.7,76,87,6.62
208,Garowe,SO,2020-05-28 21:32:39,8.41,48.48,84.06,58,100,14.05
209,Chernyshevskiy,RU,2020-05-28 21:28:08,63.01,112.47,33.17,82,40,1.52
210,Muriti,TZ,2020-05-28 21:32:39,-1.98,32.92,71.6,78,20,5.82
211,Berlevag,NO,2020-05-28 21:32:39,70.86,29.09,39.2,80,75,24.16
212,Mitake,JP,2020-05-28 21:32:39,35.42,137.13,64.4,55,0,9.17
213,Troitskoye,RU,2020-05-28 21:29:00,52.98,84.68,45.18,81,0,0.2
214,Cabo San Lucas,MX,2020-05-28 21:25:05,22.89,-109.91,86.0,47,5,9.17
215,Ilhabela,BR,2020-05-28 21:32:39,-23.78,-45.36,63.7,75,0,1.7
216,Norton,ZW,2020-05-28 21:32:40,-17.88,30.7,55.29,93,0,6.62
217,Salvador,SV,2020-05-28 21:32:40,13.83,-88.92,87.8,66,20,5.82
218,Kaitangata,NZ,2020-05-28 21:28:02,-46.28,169.85,46.0,87,48,1.01
219,Nadvoitsy,RU,2020-05-28 21:32:40,63.87,34.32,46.62,70,73,7.4
220,Bambous Virieux,MU,2020-05-28 21:28:19,-20.34,57.76,75.2,83,40,11.41
221,Narsaq,GL,2020-05-28 21:28:25,60.92,-46.05,46.4,71,53,10.29
222,Ayna,PE,2020-05-28 21:32:40,-12.65,-73.92,64.83,58,58,1.57
223,Ndele,CF,2020-05-28 21:32:41,8.41,20.65,77.92,70,100,5.57
224,Kruisfontein,ZA,2020-05-28 21:28:44,-34.0,24.73,60.85,60,100,10.27
225,Harrismith,ZA,2020-05-28 21:32:41,-28.27,29.13,39.78,66,0,7.7
226,Los Llanos De Aridane,ES,2020-05-28 21:31:56,28.66,-17.92,69.8,77,75,10.29
227,Pochutla,MX,2020-05-28 21:32:41,15.74,-96.47,87.8,55,40,9.17
228,Cairns,AU,2020-05-28 21:29:11,-16.92,145.77,62.6,88,13,11.41
229,Launceston,AU,2020-05-28 21:29:05,-41.45,147.17,52.0,93,90,10.29
230,Ostrovnoy,RU,2020-05-28 21:29:15,68.05,39.51,41.56,85,90,22.41
231,Nanortalik,GL,2020-05-28 21:28:27,60.14,-45.24,36.57,83,98,14.29
232,Smithers,CA,2020-05-28 21:32:06,54.78,-127.17,51.8,76,90,3.36
233,Luderitz,NA,2020-05-28 21:32:42,-26.65,15.16,53.6,71,0,6.93
234,Mogadishu,SO,2020-05-28 21:31:12,2.04,45.34,80.44,84,27,16.11
235,Indianola,US,2020-05-28 21:32:42,41.36,-93.56,77.0,38,90,19.46
236,Port Blair,IN,2020-05-28 21:29:03,11.67,92.75,84.15,79,99,8.5
237,Port Hardy,CA,2020-05-28 21:29:10,50.7,-127.42,59.0,77,75,4.7
238,Poum,NC,2020-05-28 21:28:30,-20.23,164.02,75.9,80,0,13.94
239,Vila Velha,BR,2020-05-28 21:27:04,-20.33,-40.29,71.6,68,20,14.99
240,College,US,2020-05-28 21:32:43,64.86,-147.8,66.99,37,75,8.05
241,Santa Marta De Tormes,ES,2020-05-28 21:32:43,40.95,-5.63,71.6,37,2,6.93
242,Paamiut,GL,2020-05-28 21:28:17,61.99,-49.67,34.77,87,74,19.89
243,Dali,CN,2020-05-28 21:32:43,25.7,100.18,52.05,86,85,1.01
244,Puerto Del Rosario,ES,2020-05-28 21:32:43,28.5,-13.86,69.8,73,20,14.99
245,Innisfail,AU,2020-05-28 21:30:48,-17.53,146.03,53.01,98,0,1.01
246,Lujiang,CN,2020-05-28 21:32:44,31.26,117.28,75.0,88,100,4.47
247,Ambulu,ID,2020-05-28 21:32:44,-8.35,113.61,74.88,90,100,3.65
248,Yar-Sale,RU,2020-05-28 21:28:23,66.83,70.83,48.2,85,100,20.36
249,Buala,SB,2020-05-28 21:28:47,-8.14,159.59,82.94,75,42,5.5
250,Ulladulla,AU,2020-05-28 21:32:44,-35.35,150.47,52.0,100,20,5.82
251,Suwalki,PL,2020-05-28 21:32:44,54.11,22.93,46.26,85,75,12.19
252,Ayan,RU,2020-05-28 21:31:52,56.45,138.17,37.33,83,88,4.65
253,Fortuna,US,2020-05-28 21:28:39,40.6,-124.16,69.01,82,20,11.41
254,Mumford,GH,2020-05-28 21:32:44,5.26,-0.76,80.89,85,100,10.69
255,Luba,GQ,2020-05-28 21:29:15,3.46,8.55,81.37,82,98,9.42
256,Leningradskiy,RU,2020-05-28 21:28:37,69.38,178.42,36.18,84,0,4.81
257,Ketchikan,US,2020-05-28 21:32:45,55.34,-131.65,53.6,93,90,19.46
258,Itarema,BR,2020-05-28 21:28:39,-2.92,-39.92,79.34,87,45,9.75
259,Pacific Grove,US,2020-05-28 21:29:18,36.62,-121.92,60.01,90,31,5.01
260,Sakaiminato,JP,2020-05-28 21:32:45,35.55,133.23,57.2,93,20,5.82
261,Gari,RU,2020-05-28 21:32:45,59.43,62.35,49.6,79,0,8.99
262,Havelock,US,2020-05-28 21:29:08,34.88,-76.9,81.0,78,75,8.05
263,Maria Chiquita,PA,2020-05-28 21:32:46,9.44,-79.76,82.99,83,75,2.24
264,Vilcun,CL,2020-05-28 21:32:46,-38.65,-72.23,48.99,87,90,8.05
265,Charters Towers,AU,2020-05-28 21:28:11,-20.1,146.27,56.55,79,0,3.58
266,Labuhan,ID,2020-05-28 21:31:27,-6.88,112.21,78.85,86,100,10.92
267,Nsanje,MW,2020-05-28 21:32:46,-16.92,35.26,66.42,92,5,2.8
268,Prince Rupert,CA,2020-05-28 21:30:53,54.32,-130.32,57.2,76,90,9.17
269,Mindelo,CV,2020-05-28 21:32:46,16.89,-24.98,77.0,69,20,11.41
270,Severnyy,RU,2020-05-28 21:32:47,50.68,36.55,64.4,72,53,6.71
271,Sambava,MG,2020-05-28 21:28:13,-14.27,50.17,74.07,81,93,11.72
272,Touros,BR,2020-05-28 21:28:25,-5.2,-35.46,80.6,88,40,6.93
273,Fairbanks,US,2020-05-28 21:28:11,64.84,-147.72,66.99,37,90,5.82
274,Pervomayskoye,RU,2020-05-28 21:32:48,43.92,46.71,59.77,76,0,5.35
275,Katsuura,JP,2020-05-28 21:28:37,35.13,140.3,66.0,72,20,5.82
276,Niono,ML,2020-05-28 21:32:48,14.25,-5.99,91.49,31,76,6.58
277,La Primavera,CO,2020-05-28 21:32:48,5.49,-70.41,80.73,85,92,1.86
278,Saldanha,ZA,2020-05-28 21:28:49,-33.01,17.94,57.2,93,91,5.82
279,Agadir,MA,2020-05-28 21:24:27,30.42,-9.6,68.0,77,75,6.93
280,Tucuman,AR,2020-05-28 21:32:48,-26.82,-65.22,75.2,44,0,0.76
281,Necochea,AR,2020-05-28 21:31:51,-38.55,-58.74,52.0,84,90,9.44
282,Severomuysk,RU,2020-05-28 21:32:49,56.15,113.43,31.71,92,66,1.66
283,Venice,US,2020-05-28 21:29:03,27.1,-82.45,88.0,79,1,11.41
284,Ilulissat,GL,2020-05-28 21:28:35,69.22,-51.1,33.8,64,75,8.05
285,Lavrentiya,RU,2020-05-28 21:28:10,65.58,-171.0,33.28,93,98,5.93
286,Vila Franca Do Campo,PT,2020-05-28 21:28:20,37.72,-25.43,60.8,67,20,11.41
287,Taoudenni,ML,2020-05-28 21:28:24,22.68,-3.98,95.52,10,0,7.63
288,Rio De Janeiro,BR,2020-05-28 21:29:06,-22.9,-43.21,69.8,68,75,11.41
289,Mopti,ML,2020-05-28 21:32:49,14.67,-4.0,91.4,46,27,6.93
290,Tessalit,ML,2020-05-28 21:31:44,20.2,1.01,87.49,29,71,5.46
291,Husavik,IS,2020-05-28 21:29:10,66.04,-17.34,57.2,54,15,23.04
292,Skegness,GB,2020-05-28 21:31:54,53.14,0.34,60.01,62,0,8.99
293,Ancud,CL,2020-05-28 21:28:44,-41.87,-73.82,46.0,81,20,3.36
294,Champerico,GT,2020-05-28 21:32:00,14.3,-91.92,82.4,78,75,11.41
295,Elizabeth City,US,2020-05-28 21:29:19,36.29,-76.25,75.0,94,90,5.82
296,Cristalina,BR,2020-05-28 21:29:35,-16.77,-47.61,59.09,81,0,5.48
297,San Quintin,MX,2020-05-28 21:28:04,30.48,-115.95,70.16,69,6,11.14
298,Safaga,EG,2020-05-28 21:32:51,26.73,33.94,80.6,26,73,14.99
299,Mecca,SA,2020-05-28 21:29:20,21.43,39.83,90.14,24,0,3.76
300,Contamana,PE,2020-05-28 21:32:51,-7.33,-75.02,85.57,49,61,2.68
301,Trofors,NO,2020-05-28 21:32:51,65.53,13.41,44.6,87,75,5.82
302,Port Augusta,AU,2020-05-28 21:31:31,-32.5,137.77,39.99,93,0,5.82
303,Soe,ID,2020-05-28 21:29:00,-9.86,124.28,64.54,100,20,4.16
304,Kyren,RU,2020-05-28 21:28:43,51.68,102.14,37.47,79,99,1.16
305,Rincon,US,2020-05-28 21:32:51,32.3,-81.24,87.8,66,90,9.17
306,Jalu,LY,2020-05-28 21:28:34,29.03,21.55,68.7,46,0,13.47
307,Merrill,US,2020-05-28 21:28:55,45.18,-89.68,68.0,52,90,3.36
308,Mount Gambier,AU,2020-05-28 21:28:12,-37.83,140.77,44.6,100,3,9.17
309,Mareeba,AU,2020-05-28 21:32:52,-17.0,145.43,59.0,88,4,1.99
310,Bali,ID,2020-05-28 21:32:52,-8.5,115.0,77.0,100,40,5.82
311,Bodden Town,KY,2020-05-28 21:32:52,19.28,-81.25,89.6,70,40,12.75
312,Anadyr,RU,2020-05-28 21:28:26,64.75,177.48,35.6,93,75,29.08
313,Tahe,CN,2020-05-28 21:32:53,52.33,124.73,47.35,93,100,4.05
314,Tuatapere,NZ,2020-05-28 21:28:40,-46.13,167.68,47.84,85,89,4.54
315,Lazaro Cardenas,MX,2020-05-28 21:26:22,17.96,-102.2,83.68,56,0,11.65
316,Torbay,CA,2020-05-28 21:28:48,47.67,-52.73,59.0,93,75,27.51
317,Flinders,AU,2020-05-28 21:29:16,-34.58,150.86,55.0,94,30,1.01
318,Aykhal,RU,2020-05-28 21:29:10,66.0,111.5,28.4,74,90,6.71
319,Barra Do Garcas,BR,2020-05-28 21:32:54,-15.89,-52.26,84.2,37,0,0.81
320,Manitouwadge,CA,2020-05-28 21:32:54,49.12,-85.84,53.6,100,90,4.7
321,Tyret Pervaya,RU,2020-05-28 21:32:54,53.67,102.31,37.17,80,68,4.85
322,Along,IN,2020-05-28 21:28:39,28.17,94.77,64.47,87,92,2.17
323,Baracoa,CU,2020-05-28 21:32:54,20.35,-74.5,81.97,76,100,9.06
324,Bow Island,CA,2020-05-28 21:30:14,49.87,-111.37,69.01,24,40,5.82
325,Campbell River,CA,2020-05-28 21:29:40,50.02,-125.24,75.2,27,20,8.05
326,Macau,MO,2020-05-28 21:30:08,22.2,113.55,80.6,94,40,10.29
327,Teshie,GH,2020-05-28 21:32:55,5.58,-0.11,73.4,100,20,5.82
328,Saint George,US,2020-05-28 21:28:14,37.1,-113.58,102.99,9,1,4.7
329,Altay,CN,2020-05-28 21:32:55,47.87,88.12,47.95,51,81,2.01
330,Los Andes,CL,2020-05-28 21:32:56,-32.83,-70.6,55.99,99,96,1.01
331,Acapulco,MX,2020-05-28 21:28:51,16.86,-99.89,80.6,74,20,9.17
332,Nogales,MX,2020-05-28 21:32:03,31.31,-110.94,99.0,10,1,6.93
333,Xining,CN,2020-05-28 21:29:12,36.62,101.77,46.83,56,0,2.21
334,Nanchang,CN,2020-05-28 21:30:04,28.68,115.88,72.93,80,100,2.84
335,Curumani,CO,2020-05-28 21:32:56,9.2,-73.54,77.95,87,100,1.19
336,Le Port,RE,2020-05-28 21:32:56,-20.94,55.29,73.4,78,20,10.29
337,Riyadh,SA,2020-05-28 21:26:36,24.69,46.72,87.8,23,0,5.14
338,Atar,MR,2020-05-28 21:28:22,20.52,-13.05,90.75,12,6,4.81
339,Sarakhs,IR,2020-05-28 21:32:57,36.54,61.16,77.0,41,0,2.24
340,Bac Lieu,VN,2020-05-28 21:30:05,9.29,105.72,84.11,77,100,6.76
341,Lerdo,MX,2020-05-28 21:32:57,25.53,-103.53,100.4,11,40,9.17
342,Karratha,AU,2020-05-28 21:32:05,-20.74,116.85,66.63,49,19,6.73
343,Milkovo,RU,2020-05-28 21:32:57,54.72,158.62,44.71,59,7,2.46
344,Xacmaz,AZ,2020-05-28 21:32:58,41.46,48.81,60.96,76,0,4.0
345,Kandrian,PG,2020-05-28 21:32:58,-6.22,149.55,80.96,82,6,2.28
346,Taltal,CL,2020-05-28 21:31:56,-25.4,-70.48,57.38,79,27,0.81
347,Bilma,NE,2020-05-28 21:28:56,18.69,12.92,89.94,15,10,7.07
348,Moron,AR,2020-05-28 21:32:58,-34.65,-58.62,64.0,75,0,7.25
349,Adrar,MR,2020-05-28 21:29:09,20.5,-10.07,88.29,16,11,1.39
350,Beyneu,KZ,2020-05-28 21:32:58,45.32,55.2,81.41,23,12,6.93
351,Timbiqui,CO,2020-05-28 21:32:59,2.77,-77.67,79.32,88,94,6.38
352,Key West,US,2020-05-28 21:32:42,24.56,-81.78,89.6,70,1,12.75
353,Parma,IT,2020-05-28 21:32:59,44.8,10.33,66.0,57,63,2.28
354,Mackay,AU,2020-05-28 21:28:37,-21.15,149.2,53.6,93,0,6.93
355,Eunice,US,2020-05-28 21:32:59,30.49,-92.42,82.4,69,1,5.82
356,Atyrau,KZ,2020-05-28 21:28:25,47.12,51.88,73.4,33,0,13.42
357,Katobu,ID,2020-05-28 21:32:59,-4.94,122.53,75.69,95,72,3.15
358,Makakilo City,US,2020-05-28 21:28:18,21.35,-158.09,84.2,51,40,10.29
359,Weligama,LK,2020-05-28 21:33:00,5.97,80.42,79.16,88,100,12.97
360,Puerto Quijarro,BO,2020-05-28 21:33:00,-17.78,-57.77,68.92,58,0,1.23
361,San Cristobal,VE,2020-05-28 21:29:10,7.77,-72.22,87.8,45,40,9.17
362,Mbanza-Ngungu,CD,2020-05-28 21:33:00,-5.25,14.87,70.72,94,97,4.23
363,Am Timan,TD,2020-05-28 21:33:00,11.03,20.28,90.57,30,35,3.04
364,Matara,LK,2020-05-28 21:31:01,5.95,80.54,78.84,88,100,12.57
365,Roma,US,2020-05-28 21:26:01,43.21,-75.46,78.8,65,90,12.75
366,Aitape,PG,2020-05-28 21:33:01,-3.14,142.35,77.34,81,100,5.41
367,Victor Harbor,AU,2020-05-28 21:33:01,-35.57,138.62,48.0,85,9,10.31
368,Porto Recanati,IT,2020-05-28 21:33:01,43.44,13.66,61.0,54,49,3.36
369,Valparaiso,CL,2020-05-28 21:29:03,-33.04,-71.63,64.4,63,75,4.7
370,Minot,US,2020-05-28 21:32:10,48.23,-101.3,68.0,32,20,23.04
371,Luena,AO,2020-05-28 21:33:01,-11.78,19.92,59.27,54,5,5.01
372,Moose Factory,CA,2020-05-28 21:33:01,51.26,-80.61,69.8,73,1,10.29
373,Acaxochitlan,MX,2020-05-28 21:33:02,20.17,-98.2,68.63,68,12,8.84
374,Santa Rosa,PH,2020-05-28 21:33:02,14.31,121.11,80.6,88,20,3.76
375,Sayyan,YE,2020-05-28 21:29:06,15.17,44.32,64.67,30,37,6.49
376,Barda,AZ,2020-05-28 21:33:02,40.37,47.13,67.41,58,34,4.47
377,Shache,CN,2020-05-28 21:29:15,38.42,77.24,75.87,22,78,10.69
378,Krasnoselkup,RU,2020-05-28 21:28:06,65.7,82.47,46.72,64,82,11.81
379,Nyurba,RU,2020-05-28 21:33:02,63.28,118.33,37.89,71,1,6.85
380,Beringovskiy,RU,2020-05-28 21:28:24,63.05,179.32,34.56,97,100,12.93
381,Yerbogachen,RU,2020-05-28 21:29:11,61.28,108.01,36.86,76,96,1.81
382,Leh,IN,2020-05-28 21:33:03,34.17,77.58,47.12,51,100,2.68
383,Sembe,CG,2020-05-28 21:33:03,1.65,14.58,72.59,91,87,1.77
384,Boulder City,US,2020-05-28 21:32:35,35.98,-114.83,108.0,9,1,11.41
385,Chalus,IR,2020-05-28 21:33:03,36.66,51.42,64.4,93,40,1.28
386,Marsaxlokk,MT,2020-05-28 21:33:04,35.84,14.54,66.99,82,20,4.7
387,Sao Joao Da Barra,BR,2020-05-28 21:31:25,-21.64,-41.05,71.6,68,75,2.24
388,Talcahuano,CL,2020-05-28 21:32:28,-36.72,-73.12,55.4,66,100,4.7
389,Shenzhen,CN,2020-05-28 21:28:22,22.55,114.07,80.01,99,16,7.85
390,Padang,ID,2020-05-28 21:28:30,-0.95,100.35,78.71,82,75,3.38
391,Emilio Carranza,MX,2020-05-28 21:33:04,19.97,-96.61,86.47,71,88,7.81
392,Erdenet,MN,2020-05-28 21:31:22,49.03,104.08,31.59,97,97,7.2
393,Birao,CF,2020-05-28 21:33:05,10.28,22.79,86.07,27,89,3.4
394,Kudahuvadhoo,MV,2020-05-28 21:28:38,2.67,72.89,83.7,73,100,12.77
395,Axim,GH,2020-05-28 21:33:05,4.87,-2.24,80.71,85,100,7.58
396,Alihe,CN,2020-05-28 21:31:27,50.57,123.72,59.29,60,90,2.86
397,Chapais,CA,2020-05-28 21:33:05,49.78,-74.85,80.6,44,90,11.41
398,San Giljan,MT,2020-05-28 21:33:05,35.92,14.49,66.99,82,20,4.7
399,Karaton,ID,2020-05-28 21:33:05,-6.34,106.1,78.8,94,75,3.36
400,Nantucket,US,2020-05-28 21:25:59,41.28,-70.1,66.99,82,90,11.41
401,Limoges,FR,2020-05-28 21:33:06,45.75,1.33,66.2,55,0,12.75
402,Aiquile,BO,2020-05-28 21:33:06,-18.2,-65.18,59.9,44,1,3.33
403,Sorong,ID,2020-05-28 21:29:14,-0.88,131.25,81.68,81,79,8.12
404,Ueckermunde,DE,2020-05-28 21:33:06,53.74,14.04,50.0,87,39,6.69
405,Maumere,ID,2020-05-28 21:33:06,-8.62,122.21,78.87,80,44,2.28
406,Ciudad Bolivar,VE,2020-05-28 21:29:44,8.12,-63.55,92.53,39,100,13.67
407,New Castle,US,2020-05-28 21:33:07,41.0,-80.35,82.0,65,75,6.93
408,Aguimes,ES,2020-05-28 21:33:07,27.91,-15.45,70.0,77,20,23.04
409,Yumen,CN,2020-05-28 21:33:07,40.28,97.2,54.63,52,100,16.75
410,Rangia,IN,2020-05-28 21:33:07,26.47,91.63,73.22,91,63,3.74
411,Lekoni,GA,2020-05-28 21:33:07,-1.58,14.26,76.24,84,98,4.05
412,Pombia,IT,2020-05-28 21:33:08,45.65,8.63,72.0,68,1,6.93
413,Lahat,ID,2020-05-28 21:33:08,-3.8,103.53,72.99,91,89,1.52
414,Vega De Alatorre,MX,2020-05-28 21:33:08,20.03,-96.63,86.27,73,85,7.92
415,Antofagasta,CL,2020-05-28 21:24:01,-23.65,-70.4,64.4,68,75,6.93
416,Clyde River,CA,2020-05-28 21:28:32,70.47,-68.59,28.4,92,75,14.99
417,Tarakan,ID,2020-05-28 21:33:08,3.3,117.63,79.66,85,100,10.42
418,Beatrice,US,2020-05-28 21:33:06,40.27,-96.75,81.0,42,1,18.34
419,Shitanjing,CN,2020-05-28 21:28:19,39.23,106.34,60.69,32,38,3.49
420,Urucara,BR,2020-05-28 21:33:09,-2.54,-57.76,78.4,93,91,1.25
421,Kutum,SD,2020-05-28 21:33:09,14.2,24.67,71.76,20,22,8.34
422,Bac Giang,VN,2020-05-28 21:33:09,21.27,106.2,78.8,88,20,3.36
423,Sao Sebastiao,BR,2020-05-28 21:33:09,-23.76,-45.41,62.37,77,0,1.97
424,Palana,RU,2020-05-28 21:33:09,59.12,159.97,37.42,76,0,6.22
425,Broome,US,2020-05-28 21:27:26,42.25,-75.83,73.99,83,90,11.41
426,Nizhniy Kuranakh,RU,2020-05-28 21:33:10,58.84,125.49,39.47,78,98,5.32
427,Salalah,OM,2020-05-28 21:24:21,17.02,54.09,78.8,94,75,2.24
428,Saint-Augustin,CA,2020-05-28 21:28:14,51.23,-58.65,58.37,75,72,11.25
429,Labytnangi,RU,2020-05-28 21:33:10,66.66,66.42,47.89,92,100,17.4
430,Shakawe,BW,2020-05-28 21:33:10,-18.37,21.85,52.7,36,0,4.59
431,Saint Anthony,US,2020-05-28 21:33:10,45.02,-93.22,79.0,23,1,21.92
432,Kindersley,CA,2020-05-28 21:29:14,51.47,-109.17,66.2,29,40,12.75
433,Cherskiy,RU,2020-05-28 21:28:21,68.75,161.3,49.05,49,8,18.21
434,Grindavik,IS,2020-05-28 21:28:30,63.84,-22.43,48.2,100,90,23.04
435,Harper,LR,2020-05-28 21:28:35,4.38,-7.72,80.04,86,100,6.49
436,Comodoro Rivadavia,AR,2020-05-28 21:24:08,-45.87,-67.5,50.0,71,0,2.24
437,Kahului,US,2020-05-28 21:28:15,20.89,-156.47,86.0,48,20,21.92
438,Cassilandia,BR,2020-05-28 21:33:11,-19.11,-51.73,60.67,74,0,4.07
439,Palmer,US,2020-05-28 21:33:11,42.16,-72.33,77.0,65,75,12.75
440,Markova,UA,2020-05-28 21:33:12,48.68,24.41,46.17,91,93,5.97
441,Beloha,MG,2020-05-28 21:33:12,-25.17,45.05,63.43,97,12,5.19
442,Edd,ER,2020-05-28 21:32:04,13.93,41.69,86.25,71,81,4.72
443,Saint-Pierre,RE,2020-05-28 21:28:43,-21.34,55.48,71.6,64,20,8.05
444,Lumberton,US,2020-05-28 21:33:12,34.62,-79.01,84.99,88,90,10.29
445,Knysna,ZA,2020-05-28 21:28:44,-34.04,23.05,66.2,55,100,13.87
446,Kedrovka,RU,2020-05-28 21:33:13,55.53,86.05,46.4,61,0,1.92
447,Camacha,PT,2020-05-28 21:31:43,33.08,-16.33,66.2,82,20,9.17
448,Dongsheng,CN,2020-05-28 21:33:13,39.82,109.98,61.29,31,74,9.31
449,Nipawin,CA,2020-05-28 21:33:13,53.37,-104.0,48.2,76,90,8.05
450,Pisco,PE,2020-05-28 21:28:16,-13.7,-76.22,69.8,73,90,8.05
451,Nisia Floresta,BR,2020-05-28 21:33:13,-6.09,-35.21,82.4,88,40,6.93
452,Kaliua,TZ,2020-05-28 21:28:09,-5.06,31.79,72.45,62,57,5.1
453,Victoria Falls,ZW,2020-05-28 21:33:13,-17.92,25.84,54.09,38,0,2.44
454,Amahai,ID,2020-05-28 21:33:13,-3.33,128.92,79.18,84,95,3.47
455,Yanji,CN,2020-05-28 21:33:14,42.91,129.51,58.14,67,24,2.35
456,Klyuchi,RU,2020-05-28 21:33:14,52.27,79.17,53.76,46,29,0.2
457,Nampa,US,2020-05-28 21:33:14,43.54,-116.56,89.01,19,1,4.7
458,Kulhudhuffushi,MV,2020-05-28 21:33:14,6.62,73.07,83.34,77,100,10.4
459,Merauke,ID,2020-05-28 21:33:14,-8.47,140.33,78.64,82,100,12.66
460,Tinskoy,RU,2020-05-28 21:33:14,56.15,96.92,38.82,82,57,4.52
461,Nea Mesimvria,GR,2020-05-28 21:33:14,40.75,22.76,63.0,60,32,4.61
462,Jahazpur,IN,2020-05-28 21:33:14,25.62,75.28,86.0,33,23,5.73
463,Svetlyy,RU,2020-05-28 21:33:15,54.67,20.13,51.8,76,33,15.66
464,Salinopolis,BR,2020-05-28 21:33:15,-0.61,-47.36,81.28,79,6,12.3
465,Mormugao,IN,2020-05-28 21:33:15,15.4,73.8,83.19,83,44,9.57
466,Yarovoye,RU,2020-05-28 21:33:15,52.93,78.58,55.99,45,42,4.25
467,Hidalgotitlan,MX,2020-05-28 21:33:15,17.78,-94.63,95.0,59,5,10.78
468,Bom Jesus,BR,2020-05-28 21:33:15,-9.07,-44.36,76.32,81,95,3.15
469,Diriomo,NI,2020-05-28 21:33:16,11.88,-86.05,75.76,90,100,8.12
470,Isla Vista,US,2020-05-28 21:33:16,34.41,-119.86,80.6,72,20,8.05
471,Mutis,CO,2020-05-28 21:33:16,6.23,-77.4,80.92,73,69,3.29
472,Barabinsk,RU,2020-05-28 21:33:16,55.36,78.36,55.47,51,97,8.12
473,Kirakira,SB,2020-05-28 21:33:16,-10.45,161.92,83.43,76,20,8.93
474,Solnechnyy,RU,2020-05-28 21:31:15,50.72,136.63,70.16,41,35,3.15
475,Sao Miguel Do Araguaia,BR,2020-05-28 21:33:16,-13.28,-50.16,71.1,67,56,3.15
476,Tiksi,RU,2020-05-28 21:28:05,71.69,128.87,28.11,97,100,8.1
477,Vilhena,BR,2020-05-28 21:33:17,-12.74,-60.15,80.6,57,74,5.82
478,Kualakapuas,ID,2020-05-28 21:33:17,-3.01,114.39,73.18,95,100,1.3
479,Wageningen,NL,2020-05-28 21:33:17,51.97,5.67,55.0,62,40,11.41
480,Vanimo,PG,2020-05-28 21:33:17,-2.67,141.3,78.17,83,100,6.49
481,Gazanjyk,TM,2020-05-28 21:33:17,39.24,55.52,82.47,31,0,5.66
482,Batetskiy,RU,2020-05-28 21:33:18,58.65,30.3,46.58,81,89,4.65
483,Santa Isabel,BR,2020-05-28 21:33:18,-23.32,-46.22,68.0,48,1,5.82
484,Sinnamary,GF,2020-05-28 21:28:58,5.38,-52.95,79.07,86,100,12.17
485,Nadym,RU,2020-05-28 21:33:18,65.53,72.52,49.24,86,100,26.55
486,Ugoofaaru,MV,2020-05-28 21:33:18,5.67,73.0,82.4,79,84,12.71
487,Cukai,MY,2020-05-28 21:33:18,4.25,103.42,78.8,94,86,2.3
488,Salisbury,GB,2020-05-28 21:33:18,51.07,-1.8,59.0,47,1,9.17
489,Lompoc,US,2020-05-28 21:28:38,34.64,-120.46,73.4,60,1,14.99
490,Egvekinot,RU,2020-05-28 21:31:55,66.32,-179.17,30.87,100,100,6.31
491,Srivardhan,IN,2020-05-28 21:31:42,18.03,73.02,82.78,85,65,5.28
492,Sabha,LY,2020-05-28 21:31:19,27.04,14.43,76.35,25,100,17.58
493,Kaniama,CD,2020-05-28 21:28:15,-7.57,24.18,74.79,56,58,4.52
494,Mana,GF,2020-05-28 21:33:19,5.66,-53.78,79.48,82,100,12.33
495,Genhe,CN,2020-05-28 21:33:19,50.78,121.52,57.72,69,99,1.05
496,Toamasina,MG,2020-05-28 21:33:20,-18.17,49.38,73.4,94,20,4.68
497,Sandovo,RU,2020-05-28 21:33:20,58.46,36.41,49.73,93,95,3.58
498,Huron,US,2020-05-28 21:33:20,41.15,-82.55,80.01,75,29,4.0
499,Mahbubabad,IN,2020-05-28 21:33:20,17.62,80.02,84.65,75,18,10.16
500,Shubarshi,KZ,2020-05-28 21:33:20,48.59,57.19,71.53,72,0,7.72
501,Kamennogorsk,RU,2020-05-28 21:33:20,60.95,29.13,53.6,46,38,4.7
502,Pangnirtung,CA,2020-05-28 21:28:56,66.15,-65.71,28.4,74,90,14.99
503,Brattleboro,US,2020-05-28 21:33:20,42.85,-72.56,77.0,74,66,7.0
504,Lagoa,PT,2020-05-28 21:28:54,39.05,-27.98,59.72,60,0,8.39
505,Manokwari,ID,2020-05-28 21:33:21,-0.87,134.08,79.75,79,100,4.36
506,San Policarpo,PH,2020-05-28 21:33:21,12.18,125.51,82.69,75,54,5.23
507,Camrose,CA,2020-05-28 21:33:21,53.02,-112.84,66.2,29,75,4.7
508,Gamba,GA,2020-05-28 21:33:21,-2.65,10.0,75.74,90,99,6.93
509,Belaya Gora,RU,2020-05-28 21:28:07,68.53,146.42,54.46,41,100,24.02
510,Rocha,UY,2020-05-28 21:29:26,-34.48,-54.33,54.79,90,0,4.5
511,Chapada Dos Guimaraes,BR,2020-05-28 21:33:22,-15.46,-55.75,84.2,37,0,5.82
512,Buin,CL,2020-05-28 21:33:22,-33.73,-70.75,57.2,82,90,2.24
513,Seymchan,RU,2020-05-28 21:33:22,62.88,152.43,45.61,57,40,10.09
514,Ukwa,IN,2020-05-28 21:33:22,21.97,80.47,80.28,25,41,2.08
515,Nagato,JP,2020-05-28 21:28:12,34.38,131.2,64.4,77,20,3.36
516,Fare,PF,2020-05-28 21:33:22,-16.7,-151.02,82.33,78,37,16.06
517,Baker City,US,2020-05-28 21:33:22,44.77,-117.83,82.4,30,1,3.36
518,Naze,JP,2020-05-28 21:28:32,28.37,129.48,68.0,94,0,2.24
519,Hulin,CZ,2020-05-28 21:33:23,49.32,17.46,53.01,81,100,1.01
520,Fort Abbas,PK,2020-05-28 21:33:23,29.19,72.85,91.96,24,3,20.31
521,Nhulunbuy,AU,2020-05-28 21:33:23,-12.23,136.77,69.8,88,65,5.82
522,Richards Bay,ZA,2020-05-28 21:28:27,-28.78,32.04,59.63,47,0,6.38
523,Manaus,BR,2020-05-28 21:32:40,-3.1,-60.02,86.0,70,40,3.36
524,Ubinskoye,RU,2020-05-28 21:33:23,55.31,79.68,50.56,64,81,7.65
525,Sobolevo,RU,2020-05-28 21:33:23,54.43,31.9,52.57,85,88,5.39
526,Savannah Bight,HN,2020-05-28 21:33:24,16.45,-85.85,83.21,84,100,21.56
527,Bridlington,GB,2020-05-28 21:33:24,54.08,-0.19,57.2,71,2,4.7
528,Awjilah,LY,2020-05-28 21:33:24,29.11,21.29,66.2,54,0,13.69
529,Masvingo,ZW,2020-05-28 21:33:24,-20.06,30.83,51.71,85,0,3.89
530,Bang Saphan,TH,2020-05-28 21:33:24,11.21,99.51,77.88,90,91,1.92
531,Skibbereen,IE,2020-05-28 21:33:24,51.55,-9.27,55.4,87,53,11.41
532,Asha,RU,2020-05-28 21:33:24,55.0,57.27,50.04,92,0,3.4
533,Bucerias,MX,2020-05-28 21:33:24,20.75,-105.33,82.4,58,5,12.75
534,Aginskoye,RU,2020-05-28 21:33:24,51.1,114.53,47.52,68,100,11.86
535,Whitehorse,CA,2020-05-28 21:28:49,60.72,-135.05,66.2,20,75,6.93
536,Ortigueira,BR,2020-05-28 21:33:25,-24.21,-50.95,52.52,63,0,3.0
537,Raton,US,2020-05-28 21:33:25,36.9,-104.44,75.2,27,75,11.41
538,Itoman,JP,2020-05-28 21:33:25,26.12,127.67,77.0,73,75,4.7
539,Solwezi,ZM,2020-05-28 21:33:25,-12.17,26.39,58.55,57,1,2.46
540,Olafsvik,IS,2020-05-28 21:28:52,64.89,-23.71,47.28,96,100,14.09
541,Kandi,BJ,2020-05-28 21:33:26,11.13,2.94,80.33,63,97,4.16
542,Tres Lagoas,BR,2020-05-28 21:33:26,-20.75,-51.68,62.87,67,0,5.01
543,Kambove,CD,2020-05-28 21:29:09,-10.88,26.6,63.09,60,28,2.73
544,Darbhanga,IN,2020-05-28 21:33:26,26.17,85.9,80.62,62,13,14.05
545,Bonavista,CA,2020-05-28 21:28:14,48.65,-53.11,53.01,84,100,1.99
546,Tromso,NO,2020-05-28 21:33:26,69.65,18.96,41.0,86,90,11.41
547,Jos,NG,2020-05-28 21:33:27,9.92,8.9,72.77,71,73,5.97
548,Kachug,RU,2020-05-28 21:33:27,53.96,105.88,38.3,76,98,3.53
549,Mangaratiba,BR,2020-05-28 21:33:27,-22.96,-44.04,71.6,64,40,5.82
550,Lucapa,AO,2020-05-28 21:33:27,-8.42,20.74,72.43,49,87,3.98
551,Yuzhno-Kurilsk,RU,2020-05-28 21:33:27,44.03,145.86,43.41,94,100,5.41
552,Hofn,IS,2020-05-28 21:28:57,64.25,-15.21,48.11,95,100,6.42
553,Majene,ID,2020-05-28 21:33:28,-3.54,118.97,77.27,83,94,4.25
554,Corralillo,CU,2020-05-28 21:33:28,22.98,-80.59,82.45,77,50,15.59
