City_ID,City,Lat,Lng,Max Temp,Humidity,Cloudiness,Wind Speed,Country,Current description,Rain (last 3 hrs),Snow (last 3 hrs),Date
0,Yellowknife,62.46,-114.35,62.01,29,20,10.29,CA,few clouds,0.0,0.0,2020-05-30 21:19:58
1,Yellowknife,62.46,-114.35,62.01,29,20,10.29,CA,,,,2020-05-30 21:19:58
2,Mataura,-46.19,168.86,37.8,78,50,2.51,NZ,scattered clouds,0.0,0.0,2020-05-30 21:19:51
3,Mataura,-46.19,168.86,37.8,78,50,2.51,NZ,,,,2020-05-30 21:19:51
4,Cabo San Lucas,22.89,-109.91,93.0,45,5,11.41,MX,clear sky,0.0,0.0,2020-05-30 21:15:40
5,Cabo San Lucas,22.89,-109.91,93.0,45,5,11.41,MX,,,,2020-05-30 21:15:40
6,Emilio Carranza,19.97,-96.61,80.76,65,94,16.33,MX,overcast clouds,0.0,0.0,2020-05-30 21:27:49
7,Emilio Carranza,19.97,-96.61,80.76,65,94,16.33,MX,,,,2020-05-30 21:27:49
8,Punta Arenas,-53.15,-70.92,42.8,93,90,8.05,CL,light rain,0.0,0.0,2020-05-30 21:19:44
9,Punta Arenas,-53.15,-70.92,42.8,93,90,8.05,CL,,,,2020-05-30 21:19:44
10,Jamestown,42.1,-79.24,60.01,67,90,18.34,US,overcast clouds,0.0,0.0,2020-05-30 21:20:01
11,Jamestown,42.1,-79.24,60.01,67,90,18.34,US,,,,2020-05-30 21:20:01
12,Codrington,-38.27,141.97,47.52,93,100,9.53,AU,overcast clouds,0.0,0.0,2020-05-30 21:23:42
13,Codrington,-38.27,141.97,47.52,93,100,9.53,AU,,,,2020-05-30 21:23:42
14,Bredasdorp,-34.53,20.04,50.0,87,0,6.93,ZA,clear sky,0.0,0.0,2020-05-30 21:19:51
15,Bredasdorp,-34.53,20.04,50.0,87,0,6.93,ZA,,,,2020-05-30 21:19:51
16,Ugoofaaru,5.67,73.0,80.6,80,100,12.06,MV,overcast clouds,0.0,0.0,2020-05-30 21:20:23
17,Ugoofaaru,5.67,73.0,80.6,80,100,12.06,MV,,,,2020-05-30 21:20:23
18,Ushuaia,-54.8,-68.3,42.8,81,40,12.75,AR,scattered clouds,0.0,0.0,2020-05-30 21:15:22
19,Ushuaia,-54.8,-68.3,42.8,81,40,12.75,AR,,,,2020-05-30 21:15:22
20,Auki,-8.77,160.7,81.05,79,9,3.44,SB,clear sky,0.0,0.0,2020-05-30 21:19:50
21,Auki,-8.77,160.7,81.05,79,9,3.44,SB,,,,2020-05-30 21:19:50
22,Hualmay,-11.1,-77.61,70.38,74,89,9.37,PE,overcast clouds,0.0,0.0,2020-05-30 21:19:51
23,Hualmay,-11.1,-77.61,70.38,74,89,9.37,PE,,,,2020-05-30 21:19:51
24,Verkhoyansk,67.54,133.38,39.87,67,0,3.11,RU,clear sky,0.0,0.0,2020-05-30 21:24:17
25,Verkhoyansk,67.54,133.38,39.87,67,0,3.11,RU,,,,2020-05-30 21:24:17
26,Saldanha,-33.01,17.94,55.4,82,0,3.36,ZA,clear sky,0.0,0.0,2020-05-30 21:20:19
27,Saldanha,-33.01,17.94,55.4,82,0,3.36,ZA,,,,2020-05-30 21:20:19
28,Bluff,-46.6,168.33,44.2,77,38,7.9,NZ,scattered clouds,0.0,0.0,2020-05-30 21:19:45
29,Bluff,-46.6,168.33,44.2,77,38,7.9,NZ,,,,2020-05-30 21:19:45
30,Atuona,-9.8,-139.03,80.94,78,1,18.48,PF,light rain,0.0,0.0,2020-05-30 21:19:38
31,Atuona,-9.8,-139.03,80.94,78,1,18.48,PF,,,,2020-05-30 21:19:38
32,Akhmim,26.56,31.75,82.4,22,0,16.11,EG,clear sky,0.0,0.0,2020-05-30 21:27:50
33,Akhmim,26.56,31.75,82.4,22,0,16.11,EG,,,,2020-05-30 21:27:50
34,Lithakia,37.72,20.83,62.01,82,20,0.96,GR,few clouds,0.0,0.0,2020-05-30 21:27:50
35,Lithakia,37.72,20.83,62.01,82,20,0.96,GR,,,,2020-05-30 21:27:50
36,Ancud,-41.87,-73.82,48.99,66,3,10.29,CL,clear sky,0.0,0.0,2020-05-30 21:17:39
37,Ancud,-41.87,-73.82,48.99,66,3,10.29,CL,,,,2020-05-30 21:17:39
38,Puerto Ayora,-0.74,-90.35,84.2,58,40,23.04,EC,scattered clouds,0.0,0.0,2020-05-30 21:19:58
39,Puerto Ayora,-0.74,-90.35,84.2,58,40,23.04,EC,,,,2020-05-30 21:19:58
40,Mogadishu,2.04,45.34,80.28,82,97,14.38,SO,overcast clouds,0.0,0.0,2020-05-30 21:27:50
41,Mogadishu,2.04,45.34,80.28,82,97,14.38,SO,,,,2020-05-30 21:27:50
42,Carnarvon,-24.87,113.63,62.02,61,69,20.71,AU,broken clouds,0.0,0.0,2020-05-30 21:19:45
43,Carnarvon,-24.87,113.63,62.02,61,69,20.71,AU,,,,2020-05-30 21:19:45
44,Chokurdakh,70.63,147.92,40.32,70,100,3.8,RU,overcast clouds,0.0,0.0,2020-05-30 21:19:53
45,Chokurdakh,70.63,147.92,40.32,70,100,3.8,RU,,,,2020-05-30 21:19:53
46,Asau,46.43,26.4,59.0,54,58,11.41,RO,broken clouds,0.0,0.0,2020-05-30 21:20:01
47,Asau,46.43,26.4,59.0,54,58,11.41,RO,,,,2020-05-30 21:20:01
48,Hobart,-42.88,147.33,55.4,58,75,8.05,AU,broken clouds,0.0,0.0,2020-05-30 21:15:02
49,Hobart,-42.88,147.33,55.4,58,75,8.05,AU,,,,2020-05-30 21:15:02
50,Havoysund,71.0,24.66,41.0,100,100,13.87,NO,moderate rain,0.0,0.0,2020-05-30 21:19:51
51,Havoysund,71.0,24.66,41.0,100,100,13.87,NO,,,,2020-05-30 21:19:51
52,Kilindoni,-7.91,39.67,80.76,78,0,15.3,TZ,light rain,0.0,0.0,2020-05-30 21:27:51
53,Kilindoni,-7.91,39.67,80.76,78,0,15.3,TZ,,,,2020-05-30 21:27:51
54,Albany,42.6,-73.97,79.0,48,0,1.01,US,clear sky,0.0,0.0,2020-05-30 21:19:41
55,Albany,42.6,-73.97,79.0,48,0,1.01,US,,,,2020-05-30 21:19:41
56,Ontario,34.06,-117.65,82.4,36,40,12.75,US,scattered clouds,0.0,0.0,2020-05-30 21:24:04
57,Ontario,34.06,-117.65,82.4,36,40,12.75,US,,,,2020-05-30 21:24:04
58,Cherskiy,68.75,161.3,52.12,45,25,18.23,RU,scattered clouds,0.0,0.0,2020-05-30 21:19:41
59,Cherskiy,68.75,161.3,52.12,45,25,18.23,RU,,,,2020-05-30 21:19:41
60,Kalino,58.25,57.61,52.29,92,99,5.57,RU,overcast clouds,0.0,0.0,2020-05-30 21:27:52
61,Kalino,58.25,57.61,52.29,92,99,5.57,RU,,,,2020-05-30 21:27:52
62,Aginskoye,51.1,114.53,41.63,85,99,9.48,RU,overcast clouds,0.0,0.0,2020-05-30 21:27:52
63,Aginskoye,51.1,114.53,41.63,85,99,9.48,RU,,,,2020-05-30 21:27:52
64,Staunton,38.15,-79.07,82.4,36,75,4.7,US,broken clouds,0.0,0.0,2020-05-30 21:24:12
65,Staunton,38.15,-79.07,82.4,36,75,4.7,US,,,,2020-05-30 21:24:12
66,Busselton,-33.65,115.33,55.99,83,84,14.34,AU,light rain,0.0,0.0,2020-05-30 21:19:38
67,Busselton,-33.65,115.33,55.99,83,84,14.34,AU,,,,2020-05-30 21:19:38
68,Hede,33.77,120.25,62.51,97,54,3.0,CN,broken clouds,0.0,0.0,2020-05-30 21:27:52
69,Hede,33.77,120.25,62.51,97,54,3.0,CN,,,,2020-05-30 21:27:52
70,Tiksi,71.69,128.87,35.29,85,94,4.09,RU,overcast clouds,0.0,0.0,2020-05-30 21:19:57
71,Tiksi,71.69,128.87,35.29,85,94,4.09,RU,,,,2020-05-30 21:19:57
72,Alice Springs,-23.7,133.88,53.6,76,0,5.82,AU,clear sky,0.0,0.0,2020-05-30 21:19:54
73,Alice Springs,-23.7,133.88,53.6,76,0,5.82,AU,,,,2020-05-30 21:19:54
74,Butaritari,3.07,172.79,81.12,77,100,10.36,KI,overcast clouds,0.0,0.0,2020-05-30 21:17:15
75,Butaritari,3.07,172.79,81.12,77,100,10.36,KI,,,,2020-05-30 21:17:15
76,Saint-Philippe,-21.36,55.77,69.8,68,3,5.82,RE,clear sky,0.0,0.0,2020-05-30 21:19:39
77,Saint-Philippe,-21.36,55.77,69.8,68,3,5.82,RE,,,,2020-05-30 21:19:39
78,Omaruru,-21.43,15.93,59.25,30,0,6.31,NA,clear sky,0.0,0.0,2020-05-30 21:27:52
79,Omaruru,-21.43,15.93,59.25,30,0,6.31,NA,,,,2020-05-30 21:27:52
80,Tukrah,32.53,20.58,68.22,63,100,17.78,LY,overcast clouds,0.0,0.0,2020-05-30 21:20:10
81,Tukrah,32.53,20.58,68.22,63,100,17.78,LY,,,,2020-05-30 21:20:10
82,Shahreza,32.03,51.88,77.68,22,63,7.92,IR,broken clouds,0.0,0.0,2020-05-30 21:27:53
83,Shahreza,32.03,51.88,77.68,22,63,7.92,IR,,,,2020-05-30 21:27:53
84,Los Llanos De Aridane,28.66,-17.92,69.8,83,90,9.17,ES,overcast clouds,0.0,0.0,2020-05-30 21:17:43
85,Los Llanos De Aridane,28.66,-17.92,69.8,83,90,9.17,ES,,,,2020-05-30 21:17:43
86,Rikitea,-23.12,-134.97,74.89,80,1,11.03,PF,clear sky,0.0,0.0,2020-05-30 21:19:41
87,Rikitea,-23.12,-134.97,74.89,80,1,11.03,PF,,,,2020-05-30 21:19:41
88,Kapaa,22.08,-159.32,84.0,69,75,12.75,US,broken clouds,0.0,0.0,2020-05-30 21:17:17
89,Kapaa,22.08,-159.32,84.0,69,75,12.75,US,,,,2020-05-30 21:17:17
90,Tasiilaq,65.61,-37.64,39.2,80,99,16.11,GL,light intensity shower rain,0.0,0.0,2020-05-30 21:20:20
91,Tasiilaq,65.61,-37.64,39.2,80,99,16.11,GL,,,,2020-05-30 21:20:20
92,Hermanus,-34.42,19.23,57.99,86,0,5.99,ZA,clear sky,0.0,0.0,2020-05-30 21:19:53
93,Hermanus,-34.42,19.23,57.99,86,0,5.99,ZA,,,,2020-05-30 21:19:53
94,Khandyga,62.67,135.6,41.49,59,0,1.9,RU,clear sky,0.0,0.0,2020-05-30 21:19:46
95,Khandyga,62.67,135.6,41.49,59,0,1.9,RU,,,,2020-05-30 21:19:46
96,Kodiak,57.79,-152.41,51.8,76,1,6.93,US,clear sky,0.0,0.0,2020-05-30 21:17:15
97,Kodiak,57.79,-152.41,51.8,76,1,6.93,US,,,,2020-05-30 21:17:15
98,Hilo,19.73,-155.09,80.6,69,75,4.7,US,broken clouds,0.0,0.0,2020-05-30 21:16:27
99,Hilo,19.73,-155.09,80.6,69,75,4.7,US,,,,2020-05-30 21:16:27
100,Dikson,73.51,80.55,29.39,99,91,12.62,RU,overcast clouds,0.0,0.0,2020-05-30 21:19:40
101,Dikson,73.51,80.55,29.39,99,91,12.62,RU,,,,2020-05-30 21:19:40
102,Sao Domingos Do Maranhao,-5.58,-44.39,75.74,89,83,3.65,BR,broken clouds,0.0,0.0,2020-05-30 21:27:54
103,Sao Domingos Do Maranhao,-5.58,-44.39,75.74,89,83,3.65,BR,,,,2020-05-30 21:27:54
104,Port Alfred,-33.59,26.89,57.99,83,0,4.0,ZA,clear sky,0.0,0.0,2020-05-30 21:17:13
105,Port Alfred,-33.59,26.89,57.99,83,0,4.0,ZA,,,,2020-05-30 21:17:13
106,Mackay,-21.15,149.2,61.0,93,29,5.82,AU,scattered clouds,0.0,0.0,2020-05-30 21:27:54
107,Mackay,-21.15,149.2,61.0,93,29,5.82,AU,,,,2020-05-30 21:27:54
108,Khatanga,71.97,102.5,35.6,84,100,4.27,RU,overcast clouds,0.0,0.0,2020-05-30 21:20:02
109,Khatanga,71.97,102.5,35.6,84,100,4.27,RU,,,,2020-05-30 21:20:02
110,Bereda,43.27,-7.54,64.99,81,100,5.37,ES,light rain,0.0,0.0,2020-05-30 21:27:54
111,Bereda,43.27,-7.54,64.99,81,100,5.37,ES,,,,2020-05-30 21:27:54
112,New Norfolk,-42.78,147.06,54.0,62,37,5.01,AU,scattered clouds,0.0,0.0,2020-05-30 21:19:40
113,New Norfolk,-42.78,147.06,54.0,62,37,5.01,AU,,,,2020-05-30 21:19:40
114,Mar Del Plata,-38.0,-57.56,54.0,93,75,13.87,AR,broken clouds,0.0,0.0,2020-05-30 21:19:06
115,Mar Del Plata,-38.0,-57.56,54.0,93,75,13.87,AR,,,,2020-05-30 21:19:06
116,Anadyr,64.75,177.48,44.6,70,65,20.13,RU,fog,0.0,0.0,2020-05-30 21:20:14
117,Anadyr,64.75,177.48,44.6,70,65,20.13,RU,,,,2020-05-30 21:20:14
118,Melo,-32.37,-54.18,63.27,88,100,4.76,UY,overcast clouds,0.0,0.0,2020-05-30 21:27:55
119,Melo,-32.37,-54.18,63.27,88,100,4.76,UY,,,,2020-05-30 21:27:55
120,Karabuk,41.2,32.63,52.41,75,0,2.01,TR,clear sky,0.0,0.0,2020-05-30 21:27:55
121,Karabuk,41.2,32.63,52.41,75,0,2.01,TR,,,,2020-05-30 21:27:55
122,Oktyabrskiy,54.48,53.47,59.88,83,68,3.83,RU,broken clouds,0.0,0.0,2020-05-30 21:27:55
123,Oktyabrskiy,54.48,53.47,59.88,83,68,3.83,RU,,,,2020-05-30 21:27:55
124,Vershino-Shakhtaminskiy,51.3,117.89,39.43,98,100,4.09,RU,light rain,0.0,0.0,2020-05-30 21:27:55
125,Vershino-Shakhtaminskiy,51.3,117.89,39.43,98,100,4.09,RU,,,,2020-05-30 21:27:55
126,Hashtgerd,35.96,50.69,80.6,18,20,4.7,IR,few clouds,0.0,0.0,2020-05-30 21:27:55
127,Hashtgerd,35.96,50.69,80.6,18,20,4.7,IR,,,,2020-05-30 21:27:55
128,Avarua,-21.21,-159.78,82.4,83,1,3.36,CK,clear sky,0.0,0.0,2020-05-30 21:17:26
129,Avarua,-21.21,-159.78,82.4,83,1,3.36,CK,,,,2020-05-30 21:17:26
130,Lebu,-37.62,-73.65,52.11,63,0,21.92,CL,clear sky,0.0,0.0,2020-05-30 21:20:13
131,Lebu,-37.62,-73.65,52.11,63,0,21.92,CL,,,,2020-05-30 21:20:13
132,Rutul,41.54,47.42,73.4,69,20,9.17,RU,few clouds,0.0,0.0,2020-05-30 21:27:56
133,Rutul,41.54,47.42,73.4,69,20,9.17,RU,,,,2020-05-30 21:27:56
134,Otacilio Costa,-27.48,-50.12,55.58,71,0,2.28,BR,clear sky,0.0,0.0,2020-05-30 21:27:56
135,Otacilio Costa,-27.48,-50.12,55.58,71,0,2.28,BR,,,,2020-05-30 21:27:56
136,Inhambane,-23.86,35.38,70.75,82,0,7.58,MZ,clear sky,0.0,0.0,2020-05-30 21:27:56
137,Inhambane,-23.86,35.38,70.75,82,0,7.58,MZ,,,,2020-05-30 21:27:56
138,Bethel,41.37,-73.41,80.01,31,40,9.17,US,scattered clouds,0.0,0.0,2020-05-30 21:20:30
139,Bethel,41.37,-73.41,80.01,31,40,9.17,US,,,,2020-05-30 21:20:30
140,Cape Town,-33.93,18.42,51.8,93,0,2.24,ZA,fog,0.0,0.0,2020-05-30 21:16:50
141,Cape Town,-33.93,18.42,51.8,93,0,2.24,ZA,,,,2020-05-30 21:16:50
142,Bonthe,7.53,-12.51,80.1,84,100,2.84,SL,moderate rain,0.0,0.0,2020-05-30 21:20:11
143,Bonthe,7.53,-12.51,80.1,84,100,2.84,SL,,,,2020-05-30 21:20:11
144,Olafsvik,64.89,-23.71,46.53,75,98,12.71,IS,overcast clouds,0.0,0.0,2020-05-30 21:24:06
145,Olafsvik,64.89,-23.71,46.53,75,98,12.71,IS,,,,2020-05-30 21:24:06
146,Severo-Kurilsk,50.68,156.12,39.65,89,97,9.71,RU,overcast clouds,0.0,0.0,2020-05-30 21:20:15
147,Severo-Kurilsk,50.68,156.12,39.65,89,97,9.71,RU,,,,2020-05-30 21:20:15
148,Harsin,34.27,47.59,66.2,13,98,4.7,IR,overcast clouds,0.0,0.0,2020-05-30 21:27:57
149,Harsin,34.27,47.59,66.2,13,98,4.7,IR,,,,2020-05-30 21:27:57
150,Vaini,-21.2,-175.2,77.0,94,40,3.36,TO,scattered clouds,0.0,0.0,2020-05-30 21:17:13
151,Vaini,-21.2,-175.2,77.0,94,40,3.36,TO,,,,2020-05-30 21:17:13
152,Geraldton,-28.77,114.6,55.4,93,40,6.93,AU,scattered clouds,0.0,0.0,2020-05-30 21:19:51
153,Geraldton,-28.77,114.6,55.4,93,40,6.93,AU,,,,2020-05-30 21:19:51
154,Dalnerechensk,45.93,133.72,57.04,70,2,10.2,RU,light rain,0.0,0.0,2020-05-30 21:27:57
155,Dalnerechensk,45.93,133.72,57.04,70,2,10.2,RU,,,,2020-05-30 21:27:57
156,Pisco,-13.7,-76.22,68.0,77,40,8.05,PE,scattered clouds,0.0,0.0,2020-05-30 21:16:16
157,Pisco,-13.7,-76.22,68.0,77,40,8.05,PE,,,,2020-05-30 21:16:16
158,Barrow,71.29,-156.79,35.6,80,1,18.34,US,clear sky,0.0,0.0,2020-05-30 21:17:48
159,Barrow,71.29,-156.79,35.6,80,1,18.34,US,,,,2020-05-30 21:17:48
160,Arraial Do Cabo,-22.97,-42.03,73.4,83,0,6.93,BR,clear sky,0.0,0.0,2020-05-30 21:19:37
161,Arraial Do Cabo,-22.97,-42.03,73.4,83,0,6.93,BR,,,,2020-05-30 21:19:37
162,Hernani,43.27,-1.98,69.8,68,2,3.36,ES,clear sky,0.0,0.0,2020-05-30 21:27:57
163,Hernani,43.27,-1.98,69.8,68,2,3.36,ES,,,,2020-05-30 21:27:57
164,Qaanaaq,77.48,-69.36,29.97,94,1,3.04,GL,clear sky,0.0,0.0,2020-05-30 21:17:21
165,Qaanaaq,77.48,-69.36,29.97,94,1,3.04,GL,,,,2020-05-30 21:17:21
166,Srandakan,-7.94,110.25,78.46,85,56,5.95,ID,broken clouds,0.0,0.0,2020-05-30 21:27:57
167,Srandakan,-7.94,110.25,78.46,85,56,5.95,ID,,,,2020-05-30 21:27:57
168,Puerto Escondido,15.85,-97.07,84.2,70,75,9.17,MX,broken clouds,0.0,0.0,2020-05-30 21:27:58
169,Puerto Escondido,15.85,-97.07,84.2,70,75,9.17,MX,,,,2020-05-30 21:27:58
170,Matagami,49.75,-77.63,41.0,52,90,12.75,CA,overcast clouds,0.0,0.0,2020-05-30 21:17:30
171,Matagami,49.75,-77.63,41.0,52,90,12.75,CA,,,,2020-05-30 21:17:30
172,Rio Gallegos,-51.62,-69.22,48.2,45,75,13.87,AR,broken clouds,0.0,0.0,2020-05-30 21:27:58
173,Rio Gallegos,-51.62,-69.22,48.2,45,75,13.87,AR,,,,2020-05-30 21:27:58
174,Hithadhoo,-0.6,73.08,84.43,67,45,8.12,MV,scattered clouds,0.0,0.0,2020-05-30 21:19:45
175,Hithadhoo,-0.6,73.08,84.43,67,45,8.12,MV,,,,2020-05-30 21:19:45
176,Pangnirtung,66.15,-65.71,28.0,92,92,2.8,CA,overcast clouds,0.0,0.0,2020-05-30 21:20:39
177,Pangnirtung,66.15,-65.71,28.0,92,92,2.8,CA,,,,2020-05-30 21:20:39
178,Torbay,47.67,-52.73,69.01,68,40,32.21,CA,scattered clouds,0.0,0.0,2020-05-30 21:19:46
179,Torbay,47.67,-52.73,69.01,68,40,32.21,CA,,,,2020-05-30 21:19:46
180,Kavieng,-2.57,150.8,82.65,76,25,5.46,PG,scattered clouds,0.0,0.0,2020-05-30 21:20:09
181,Kavieng,-2.57,150.8,82.65,76,25,5.46,PG,,,,2020-05-30 21:20:09
182,Wajir,1.75,40.06,80.35,64,72,14.16,KE,broken clouds,0.0,0.0,2020-05-30 21:27:58
183,Wajir,1.75,40.06,80.35,64,72,14.16,KE,,,,2020-05-30 21:27:58
184,Georgetown,5.41,100.34,80.6,94,20,2.24,MY,few clouds,0.0,0.0,2020-05-30 21:15:22
185,Georgetown,5.41,100.34,80.6,94,20,2.24,MY,,,,2020-05-30 21:15:22
186,Qaqortoq,60.72,-46.03,53.6,37,40,10.29,GL,scattered clouds,0.0,0.0,2020-05-30 21:24:07
187,Qaqortoq,60.72,-46.03,53.6,37,40,10.29,GL,,,,2020-05-30 21:24:07
188,Saint-Joseph,-21.37,55.62,69.8,68,1,5.82,RE,clear sky,0.0,0.0,2020-05-30 21:27:59
189,Saint-Joseph,-21.37,55.62,69.8,68,1,5.82,RE,,,,2020-05-30 21:27:59
190,Vostok,46.49,135.88,58.66,52,0,4.79,RU,clear sky,0.0,0.0,2020-05-30 21:24:04
191,Vostok,46.49,135.88,58.66,52,0,4.79,RU,,,,2020-05-30 21:24:04
192,Karratha,-20.74,116.85,74.07,36,77,13.94,AU,broken clouds,0.0,0.0,2020-05-30 21:20:25
193,Karratha,-20.74,116.85,74.07,36,77,13.94,AU,,,,2020-05-30 21:20:25
194,La Libertad,-2.23,-80.9,73.4,83,40,6.93,EC,scattered clouds,0.0,0.0,2020-05-30 21:27:59
195,La Libertad,-2.23,-80.9,73.4,83,40,6.93,EC,,,,2020-05-30 21:27:59
196,Kyra,49.58,111.98,35.73,83,0,3.83,RU,clear sky,0.0,0.0,2020-05-30 21:27:59
197,Kyra,49.58,111.98,35.73,83,0,3.83,RU,,,,2020-05-30 21:27:59
198,Chuy,-33.7,-53.46,62.82,86,97,4.7,UY,overcast clouds,0.0,0.0,2020-05-30 21:19:47
199,Chuy,-33.7,-53.46,62.82,86,97,4.7,UY,,,,2020-05-30 21:19:47
200,Sao Filipe,14.9,-24.5,76.5,64,0,9.08,CV,clear sky,0.0,0.0,2020-05-30 21:20:24
201,Sao Filipe,14.9,-24.5,76.5,64,0,9.08,CV,,,,2020-05-30 21:20:24
202,Baruun-Urt,46.68,113.28,43.99,62,94,6.76,MN,overcast clouds,0.0,0.0,2020-05-30 21:19:50
203,Baruun-Urt,46.68,113.28,43.99,62,94,6.76,MN,,,,2020-05-30 21:19:50
204,Kota Belud,6.35,116.43,78.01,94,20,4.7,MY,few clouds,0.0,0.0,2020-05-30 21:27:59
205,Kota Belud,6.35,116.43,78.01,94,20,4.7,MY,,,,2020-05-30 21:27:59
206,Lata,40.16,-8.33,66.0,88,92,7.0,PT,overcast clouds,0.0,0.0,2020-05-30 21:20:12
207,Lata,40.16,-8.33,66.0,88,92,7.0,PT,,,,2020-05-30 21:20:12
208,Staritsa,56.51,34.94,58.01,70,100,17.29,RU,overcast clouds,0.0,0.0,2020-05-30 21:28:00
209,Staritsa,56.51,34.94,58.01,70,100,17.29,RU,,,,2020-05-30 21:28:00
210,Taywarah,33.35,64.42,53.33,42,0,4.61,AF,clear sky,0.0,0.0,2020-05-30 21:28:00
211,Taywarah,33.35,64.42,53.33,42,0,4.61,AF,,,,2020-05-30 21:28:00
212,Aksu,41.12,80.26,69.33,38,100,9.35,CN,overcast clouds,0.0,0.0,2020-05-30 21:23:49
213,Aksu,41.12,80.26,69.33,38,100,9.35,CN,,,,2020-05-30 21:23:49
214,Nioki,-2.72,17.68,74.23,94,100,2.89,CD,overcast clouds,0.0,0.0,2020-05-30 21:28:00
215,Nioki,-2.72,17.68,74.23,94,100,2.89,CD,,,,2020-05-30 21:28:00
216,Vredendal,-31.67,18.5,65.23,26,0,8.16,ZA,clear sky,0.0,0.0,2020-05-30 21:28:00
217,Vredendal,-31.67,18.5,65.23,26,0,8.16,ZA,,,,2020-05-30 21:28:00
218,Mecca,21.43,39.83,83.55,42,0,6.08,SA,clear sky,0.0,0.0,2020-05-30 21:23:12
219,Mecca,21.43,39.83,83.55,42,0,6.08,SA,,,,2020-05-30 21:23:12
220,San Jeronimo,-11.95,-75.28,61.43,29,1,4.88,PE,clear sky,0.0,0.0,2020-05-30 21:28:00
221,San Jeronimo,-11.95,-75.28,61.43,29,1,4.88,PE,,,,2020-05-30 21:28:00
222,Daru,-9.08,143.21,79.23,87,53,14.16,PG,light rain,0.0,0.0,2020-05-30 21:20:25
223,Daru,-9.08,143.21,79.23,87,53,14.16,PG,,,,2020-05-30 21:20:25
224,Cannes,43.55,7.02,62.6,87,94,1.12,FR,overcast clouds,0.0,0.0,2020-05-30 21:28:00
225,Cannes,43.55,7.02,62.6,87,94,1.12,FR,,,,2020-05-30 21:28:00
226,Yangshe,31.89,120.61,66.0,99,5,3.4,CN,clear sky,0.0,0.0,2020-05-30 21:28:00
227,Yangshe,31.89,120.61,66.0,99,5,3.4,CN,,,,2020-05-30 21:28:00
228,Kingston,18.0,-76.79,86.0,70,40,19.46,JM,scattered clouds,0.0,0.0,2020-05-30 21:27:08
229,Kingston,18.0,-76.79,86.0,70,40,19.46,JM,,,,2020-05-30 21:27:08
230,Thompson,55.74,-97.86,68.0,15,20,9.17,CA,few clouds,0.0,0.0,2020-05-30 21:19:40
231,Thompson,55.74,-97.86,68.0,15,20,9.17,CA,,,,2020-05-30 21:19:40
232,Salalah,17.02,54.09,77.0,100,75,2.24,OM,light rain,0.0,0.0,2020-05-30 21:19:46
233,Salalah,17.02,54.09,77.0,100,75,2.24,OM,,,,2020-05-30 21:19:46
234,Nikolskoye,59.7,30.79,59.0,41,0,8.95,RU,clear sky,0.0,0.0,2020-05-30 21:17:10
235,Nikolskoye,59.7,30.79,59.0,41,0,8.95,RU,,,,2020-05-30 21:17:10
236,Saskylakh,71.92,114.08,39.43,75,81,4.03,RU,broken clouds,0.0,0.0,2020-05-30 21:19:42
237,Saskylakh,71.92,114.08,39.43,75,81,4.03,RU,,,,2020-05-30 21:19:42
238,Bardiyah,31.76,25.09,67.93,69,0,17.85,LY,clear sky,0.0,0.0,2020-05-30 21:28:01
239,Bardiyah,31.76,25.09,67.93,69,0,17.85,LY,,,,2020-05-30 21:28:01
240,Okmulgee,35.62,-95.96,82.4,37,1,5.61,US,clear sky,0.0,0.0,2020-05-30 21:28:01
241,Okmulgee,35.62,-95.96,82.4,37,1,5.61,US,,,,2020-05-30 21:28:01
242,Sangueya,10.7,-14.37,78.98,83,100,3.6,GN,overcast clouds,0.0,0.0,2020-05-30 21:28:01
243,Sangueya,10.7,-14.37,78.98,83,100,3.6,GN,,,,2020-05-30 21:28:01
244,San Cristobal,7.77,-72.22,89.6,49,40,9.17,VE,scattered clouds,0.0,0.0,2020-05-30 21:16:44
245,San Cristobal,7.77,-72.22,89.6,49,40,9.17,VE,,,,2020-05-30 21:16:44
246,Mahebourg,-20.41,57.7,69.8,94,20,3.36,MU,few clouds,0.0,0.0,2020-05-30 21:19:39
247,Mahebourg,-20.41,57.7,69.8,94,20,3.36,MU,,,,2020-05-30 21:19:39
248,Esso,55.93,158.7,36.57,82,75,3.67,RU,broken clouds,0.0,0.0,2020-05-30 21:28:02
249,Esso,55.93,158.7,36.57,82,75,3.67,RU,,,,2020-05-30 21:28:02
250,Dingle,11.0,122.67,77.83,86,14,6.33,PH,few clouds,0.0,0.0,2020-05-30 21:20:12
251,Dingle,11.0,122.67,77.83,86,14,6.33,PH,,,,2020-05-30 21:20:12
252,Cockburn Town,21.46,-71.14,81.63,81,0,12.8,TC,light rain,0.0,0.0,2020-05-30 21:17:37
253,Cockburn Town,21.46,-71.14,81.63,81,0,12.8,TC,,,,2020-05-30 21:17:37
254,Pierre,44.37,-100.35,66.2,55,75,14.99,US,broken clouds,0.0,0.0,2020-05-30 21:25:21
255,Pierre,44.37,-100.35,66.2,55,75,14.99,US,,,,2020-05-30 21:25:21
256,Bathsheba,13.22,-59.52,86.0,62,20,23.04,BB,few clouds,0.0,0.0,2020-05-30 21:16:51
257,Bathsheba,13.22,-59.52,86.0,62,20,23.04,BB,,,,2020-05-30 21:16:51
258,Margate,51.38,1.39,60.01,72,0,4.0,GB,clear sky,0.0,0.0,2020-05-30 21:17:23
259,Margate,51.38,1.39,60.01,72,0,4.0,GB,,,,2020-05-30 21:17:23
260,Port Hardy,50.7,-127.42,57.2,67,75,16.11,CA,broken clouds,0.0,0.0,2020-05-30 21:20:39
261,Port Hardy,50.7,-127.42,57.2,67,75,16.11,CA,,,,2020-05-30 21:20:39
262,Dengzhou,37.81,120.75,63.48,74,99,7.76,CN,overcast clouds,0.0,0.0,2020-05-30 21:28:02
263,Dengzhou,37.81,120.75,63.48,74,99,7.76,CN,,,,2020-05-30 21:28:02
264,Port Blair,11.67,92.75,83.19,79,93,6.06,IN,overcast clouds,0.0,0.0,2020-05-30 21:20:27
265,Port Blair,11.67,92.75,83.19,79,93,6.06,IN,,,,2020-05-30 21:20:27
266,Sitio Novo Do Tocantins,-5.52,-47.46,82.4,69,40,4.7,BR,scattered clouds,0.0,0.0,2020-05-30 21:28:03
267,Sitio Novo Do Tocantins,-5.52,-47.46,82.4,69,40,4.7,BR,,,,2020-05-30 21:28:03
268,East London,-33.02,27.91,61.77,74,23,6.93,ZA,few clouds,0.0,0.0,2020-05-30 21:20:04
269,East London,-33.02,27.91,61.77,74,23,6.93,ZA,,,,2020-05-30 21:20:04
270,Clifton,40.86,-74.16,84.2,32,20,11.41,US,few clouds,0.0,0.0,2020-05-30 21:25:20
271,Clifton,40.86,-74.16,84.2,32,20,11.41,US,,,,2020-05-30 21:25:20
272,Jalu,29.03,21.55,80.02,22,0,9.71,LY,clear sky,0.0,0.0,2020-05-30 21:28:03
273,Jalu,29.03,21.55,80.02,22,0,9.71,LY,,,,2020-05-30 21:28:03
274,Togur,58.36,82.83,47.82,89,99,9.08,RU,overcast clouds,0.0,0.0,2020-05-30 21:28:03
275,Togur,58.36,82.83,47.82,89,99,9.08,RU,,,,2020-05-30 21:28:03
276,Dunedin,-45.87,170.5,53.01,69,63,4.81,NZ,broken clouds,0.0,0.0,2020-05-30 21:20:09
277,Dunedin,-45.87,170.5,53.01,69,63,4.81,NZ,,,,2020-05-30 21:20:09
278,Beckum,51.75,8.03,60.8,41,64,3.36,DE,broken clouds,0.0,0.0,2020-05-30 21:28:03
279,Beckum,51.75,8.03,60.8,41,64,3.36,DE,,,,2020-05-30 21:28:03
280,Huntingdon,52.33,-0.19,59.0,61,0,1.01,GB,clear sky,0.0,0.0,2020-05-30 21:28:04
281,Huntingdon,52.33,-0.19,59.0,61,0,1.01,GB,,,,2020-05-30 21:28:04
282,Kefalos,36.75,26.96,64.4,82,20,3.36,GR,few clouds,0.0,0.0,2020-05-30 21:28:04
283,Kefalos,36.75,26.96,64.4,82,20,3.36,GR,,,,2020-05-30 21:28:04
284,Rawson,-43.3,-65.1,47.17,54,0,5.28,AR,clear sky,0.0,0.0,2020-05-30 21:23:45
285,Rawson,-43.3,-65.1,47.17,54,0,5.28,AR,,,,2020-05-30 21:23:45
286,Porto Novo,6.5,2.6,80.6,83,20,6.93,BJ,few clouds,0.0,0.0,2020-05-30 21:24:11
287,Porto Novo,6.5,2.6,80.6,83,20,6.93,BJ,,,,2020-05-30 21:24:11
288,Davila,18.47,120.58,78.8,94,20,3.18,PH,few clouds,0.0,0.0,2020-05-30 21:28:04
289,Davila,18.47,120.58,78.8,94,20,3.18,PH,,,,2020-05-30 21:28:04
290,Ocos,14.51,-92.19,82.4,83,40,4.43,GT,drizzle,0.0,0.0,2020-05-30 21:28:04
291,Ocos,14.51,-92.19,82.4,83,40,4.43,GT,,,,2020-05-30 21:28:04
292,Ekhabi,53.51,142.97,43.45,85,100,8.23,RU,overcast clouds,0.0,0.0,2020-05-30 21:28:04
293,Ekhabi,53.51,142.97,43.45,85,100,8.23,RU,,,,2020-05-30 21:28:04
294,Korla,41.76,86.15,70.0,55,100,4.81,CN,overcast clouds,0.0,0.0,2020-05-30 21:24:00
295,Korla,41.76,86.15,70.0,55,100,4.81,CN,,,,2020-05-30 21:24:00
296,Touros,-5.2,-35.46,77.0,94,90,3.36,BR,shower rain,0.0,0.0,2020-05-30 21:19:49
297,Touros,-5.2,-35.46,77.0,94,90,3.36,BR,,,,2020-05-30 21:19:49
298,Beringovskiy,63.05,179.32,35.44,86,99,8.79,RU,overcast clouds,0.0,0.0,2020-05-30 21:20:31
299,Beringovskiy,63.05,179.32,35.44,86,99,8.79,RU,,,,2020-05-30 21:20:31
300,Coahuayana,18.73,-103.68,82.4,61,40,11.41,MX,scattered clouds,0.0,0.0,2020-05-30 21:23:44
301,Coahuayana,18.73,-103.68,82.4,61,40,11.41,MX,,,,2020-05-30 21:23:44
302,Nago,26.59,127.98,80.6,94,90,13.87,JP,overcast clouds,0.0,0.0,2020-05-30 21:28:05
303,Nago,26.59,127.98,80.6,94,90,13.87,JP,,,,2020-05-30 21:28:05
304,Pitimbu,-7.47,-34.81,78.8,88,100,9.17,BR,overcast clouds,0.0,0.0,2020-05-30 21:28:05
305,Pitimbu,-7.47,-34.81,78.8,88,100,9.17,BR,,,,2020-05-30 21:28:05
306,Pershotravneve,51.39,28.87,51.66,97,100,8.55,UA,overcast clouds,0.0,0.0,2020-05-30 21:28:05
307,Pershotravneve,51.39,28.87,51.66,97,100,8.55,UA,,,,2020-05-30 21:28:05
308,Grindavik,63.84,-22.43,46.4,87,75,16.11,IS,broken clouds,0.0,0.0,2020-05-30 21:17:16
309,Grindavik,63.84,-22.43,46.4,87,75,16.11,IS,,,,2020-05-30 21:17:16
310,Hambantota,6.12,81.12,80.85,85,14,12.88,LK,few clouds,0.0,0.0,2020-05-30 21:24:10
311,Hambantota,6.12,81.12,80.85,85,14,12.88,LK,,,,2020-05-30 21:24:10
312,Ribeira Grande,38.52,-28.7,64.4,88,75,11.41,PT,broken clouds,0.0,0.0,2020-05-30 21:19:47
313,Ribeira Grande,38.52,-28.7,64.4,88,75,11.41,PT,,,,2020-05-30 21:19:47
314,Aitape,-3.14,142.35,78.33,82,69,6.6,PG,broken clouds,0.0,0.0,2020-05-30 21:28:05
315,Aitape,-3.14,142.35,78.33,82,69,6.6,PG,,,,2020-05-30 21:28:05
316,Blantyre,-15.79,35.01,63.18,91,18,7.2,MW,few clouds,0.0,0.0,2020-05-30 21:28:06
317,Blantyre,-15.79,35.01,63.18,91,18,7.2,MW,,,,2020-05-30 21:28:06
318,Nguruka,-5.11,31.04,66.61,67,40,3.8,TZ,scattered clouds,0.0,0.0,2020-05-30 21:28:06
319,Nguruka,-5.11,31.04,66.61,67,40,3.8,TZ,,,,2020-05-30 21:28:06
320,Conde,-7.26,-34.91,78.8,88,100,9.17,BR,overcast clouds,0.0,0.0,2020-05-30 21:23:51
321,Conde,-7.26,-34.91,78.8,88,100,9.17,BR,,,,2020-05-30 21:23:51
322,Biltine,14.53,20.92,88.79,13,8,16.17,TD,clear sky,0.0,0.0,2020-05-30 21:24:08
323,Biltine,14.53,20.92,88.79,13,8,16.17,TD,,,,2020-05-30 21:24:08
324,Vila Franca Do Campo,37.72,-25.43,64.4,93,75,10.29,PT,broken clouds,0.0,0.0,2020-05-30 21:23:27
325,Vila Franca Do Campo,37.72,-25.43,64.4,93,75,10.29,PT,,,,2020-05-30 21:23:27
326,Sassandra,4.95,-6.08,78.33,90,100,8.28,CI,overcast clouds,0.0,0.0,2020-05-30 21:28:06
327,Sassandra,4.95,-6.08,78.33,90,100,8.28,CI,,,,2020-05-30 21:28:06
328,Dalvik,65.97,-18.53,51.8,50,20,24.16,IS,few clouds,0.0,0.0,2020-05-30 21:28:06
329,Dalvik,65.97,-18.53,51.8,50,20,24.16,IS,,,,2020-05-30 21:28:06
330,Saint Anthony,45.02,-93.22,68.0,25,1,9.17,US,clear sky,0.0,0.0,2020-05-30 21:19:55
331,Saint Anthony,45.02,-93.22,68.0,25,1,9.17,US,,,,2020-05-30 21:19:55
332,Tumpat,6.2,102.17,78.8,88,20,2.24,MY,few clouds,0.0,0.0,2020-05-30 21:28:07
333,Tumpat,6.2,102.17,78.8,88,20,2.24,MY,,,,2020-05-30 21:28:07
334,Madang,-5.22,145.8,77.85,87,49,3.71,PG,light rain,0.0,0.0,2020-05-30 21:28:07
335,Madang,-5.22,145.8,77.85,87,49,3.71,PG,,,,2020-05-30 21:28:07
336,Lorengau,-2.02,147.27,81.93,78,20,3.13,PG,few clouds,0.0,0.0,2020-05-30 21:20:17
337,Lorengau,-2.02,147.27,81.93,78,20,3.13,PG,,,,2020-05-30 21:20:17
338,Sao Felix Do Xingu,-6.64,-51.99,77.43,87,68,2.82,BR,light rain,0.0,0.0,2020-05-30 21:28:07
339,Sao Felix Do Xingu,-6.64,-51.99,77.43,87,68,2.82,BR,,,,2020-05-30 21:28:07
340,Tuktoyaktuk,69.45,-133.04,35.6,74,40,11.41,CA,scattered clouds,0.0,0.0,2020-05-30 21:19:49
341,Tuktoyaktuk,69.45,-133.04,35.6,74,40,11.41,CA,,,,2020-05-30 21:19:49
342,Faanui,-16.48,-151.75,81.07,81,0,19.1,PF,clear sky,0.0,0.0,2020-05-30 21:19:43
343,Faanui,-16.48,-151.75,81.07,81,0,19.1,PF,,,,2020-05-30 21:19:43
344,Prince Rupert,54.32,-130.32,55.4,71,75,5.82,CA,broken clouds,0.0,0.0,2020-05-30 21:18:01
345,Prince Rupert,54.32,-130.32,55.4,71,75,5.82,CA,,,,2020-05-30 21:18:01
346,Kruisfontein,-34.0,24.73,52.18,92,0,3.65,ZA,clear sky,0.0,0.0,2020-05-30 21:17:38
347,Kruisfontein,-34.0,24.73,52.18,92,0,3.65,ZA,,,,2020-05-30 21:17:38
348,Mehamn,71.04,27.85,41.4,86,100,3.98,NO,light rain,0.0,0.0,2020-05-30 21:20:14
349,Mehamn,71.04,27.85,41.4,86,100,3.98,NO,,,,2020-05-30 21:20:14
350,Luderitz,-26.65,15.16,68.0,36,0,5.82,NA,clear sky,0.0,0.0,2020-05-30 21:19:52
351,Luderitz,-26.65,15.16,68.0,36,0,5.82,NA,,,,2020-05-30 21:19:52
352,Kahului,20.89,-156.47,84.2,58,40,19.46,US,scattered clouds,0.0,0.0,2020-05-30 21:20:06
353,Kahului,20.89,-156.47,84.2,58,40,19.46,US,,,,2020-05-30 21:20:06
354,Conakry,9.54,-13.68,80.6,88,75,6.93,GN,light rain,0.0,0.0,2020-05-30 21:28:08
355,Conakry,9.54,-13.68,80.6,88,75,6.93,GN,,,,2020-05-30 21:28:08
356,Gamba,-2.65,10.0,75.49,86,100,3.76,GA,overcast clouds,0.0,0.0,2020-05-30 21:28:08
357,Gamba,-2.65,10.0,75.49,86,100,3.76,GA,,,,2020-05-30 21:28:08
358,Hobyo,5.35,48.53,82.56,74,100,27.31,SO,overcast clouds,0.0,0.0,2020-05-30 21:19:47
359,Hobyo,5.35,48.53,82.56,74,100,27.31,SO,,,,2020-05-30 21:19:47
360,Portland,45.52,-122.68,63.0,55,75,6.93,US,light rain,0.0,0.0,2020-05-30 21:16:57
361,Portland,45.52,-122.68,63.0,55,75,6.93,US,,,,2020-05-30 21:16:57
362,Cao Bang,22.67,106.25,74.75,90,38,1.9,VN,light rain,0.0,0.0,2020-05-30 21:28:09
363,Cao Bang,22.67,106.25,74.75,90,38,1.9,VN,,,,2020-05-30 21:28:09
364,Havre-Saint-Pierre,50.23,-63.6,55.4,82,20,13.87,CA,few clouds,0.0,0.0,2020-05-30 21:28:09
365,Havre-Saint-Pierre,50.23,-63.6,55.4,82,20,13.87,CA,,,,2020-05-30 21:28:09
366,Ewa Beach,21.32,-158.01,84.2,51,90,6.93,US,overcast clouds,0.0,0.0,2020-05-30 21:23:57
367,Ewa Beach,21.32,-158.01,84.2,51,90,6.93,US,,,,2020-05-30 21:23:57
368,Victoria,22.29,114.16,82.0,88,75,10.0,HK,light rain,0.0,0.0,2020-05-30 21:19:38
369,Victoria,22.29,114.16,82.0,88,75,10.0,HK,,,,2020-05-30 21:19:38
370,Kaitangata,-46.28,169.85,46.99,70,25,4.59,NZ,scattered clouds,0.0,0.0,2020-05-30 21:17:33
371,Kaitangata,-46.28,169.85,46.99,70,25,4.59,NZ,,,,2020-05-30 21:17:33
372,Amapa,1.0,-52.0,77.77,94,64,3.11,BR,light rain,0.0,0.0,2020-05-30 21:28:09
373,Amapa,1.0,-52.0,77.77,94,64,3.11,BR,,,,2020-05-30 21:28:09
374,Marienburg,54.04,19.03,53.01,100,100,15.03,PL,overcast clouds,0.0,0.0,2020-05-30 21:20:18
375,Marienburg,54.04,19.03,53.01,100,100,15.03,PL,,,,2020-05-30 21:20:18
376,Petropavl,54.88,69.16,58.08,61,1,5.5,KZ,clear sky,0.0,0.0,2020-05-30 21:28:10
377,Petropavl,54.88,69.16,58.08,61,1,5.5,KZ,,,,2020-05-30 21:28:10
378,Paidha,2.42,30.99,61.83,94,59,4.76,UG,light rain,0.0,0.0,2020-05-30 21:28:10
379,Paidha,2.42,30.99,61.83,94,59,4.76,UG,,,,2020-05-30 21:28:10
380,Olga,43.74,135.29,55.2,62,0,4.85,RU,clear sky,0.0,0.0,2020-05-30 21:28:10
381,Olga,43.74,135.29,55.2,62,0,4.85,RU,,,,2020-05-30 21:28:10
382,Milkovo,54.72,158.62,46.78,59,75,3.71,RU,broken clouds,0.0,0.0,2020-05-30 21:28:10
383,Milkovo,54.72,158.62,46.78,59,75,3.71,RU,,,,2020-05-30 21:28:10
384,Isangel,-19.55,169.27,78.8,78,20,9.17,VU,few clouds,0.0,0.0,2020-05-30 21:20:10
385,Isangel,-19.55,169.27,78.8,78,20,9.17,VU,,,,2020-05-30 21:20:10
386,Mildura,-34.2,142.15,50.0,76,90,4.7,AU,overcast clouds,0.0,0.0,2020-05-30 21:28:10
387,Mildura,-34.2,142.15,50.0,76,90,4.7,AU,,,,2020-05-30 21:28:10
388,Udachnyy,66.42,112.4,46.4,49,99,6.71,RU,overcast clouds,0.0,0.0,2020-05-30 21:23:55
389,Udachnyy,66.42,112.4,46.4,49,99,6.71,RU,,,,2020-05-30 21:23:55
390,Ilulissat,69.22,-51.1,37.4,69,0,8.05,GL,clear sky,0.0,0.0,2020-05-30 21:19:48
391,Ilulissat,69.22,-51.1,37.4,69,0,8.05,GL,,,,2020-05-30 21:19:48
392,Ahipara,-35.17,173.17,58.48,86,100,7.47,NZ,overcast clouds,0.0,0.0,2020-05-30 21:17:17
393,Ahipara,-35.17,173.17,58.48,86,100,7.47,NZ,,,,2020-05-30 21:17:17
394,Elk City,35.41,-99.4,84.2,39,1,12.75,US,clear sky,0.0,0.0,2020-05-30 21:28:11
395,Elk City,35.41,-99.4,84.2,39,1,12.75,US,,,,2020-05-30 21:28:11
396,Comodoro Rivadavia,-45.87,-67.5,46.4,49,0,5.82,AR,clear sky,0.0,0.0,2020-05-30 21:19:16
397,Comodoro Rivadavia,-45.87,-67.5,46.4,49,0,5.82,AR,,,,2020-05-30 21:19:16
398,Tarakan,3.3,117.63,79.39,87,1,8.7,ID,moderate rain,0.0,0.0,2020-05-30 21:28:11
399,Tarakan,3.3,117.63,79.39,87,1,8.7,ID,,,,2020-05-30 21:28:11
400,Frederikshavn,57.44,10.54,57.0,77,1,1.01,DK,clear sky,0.0,0.0,2020-05-30 21:28:11
401,Frederikshavn,57.44,10.54,57.0,77,1,1.01,DK,,,,2020-05-30 21:28:11
402,Bambous Virieux,-20.34,57.76,71.01,94,20,3.36,MU,few clouds,0.0,0.0,2020-05-30 21:20:12
403,Bambous Virieux,-20.34,57.76,71.01,94,20,3.36,MU,,,,2020-05-30 21:20:12
404,Asyut,27.18,31.18,73.4,43,0,16.11,EG,clear sky,0.0,0.0,2020-05-30 21:24:18
405,Asyut,27.18,31.18,73.4,43,0,16.11,EG,,,,2020-05-30 21:24:18
406,Bryan,30.67,-96.37,89.01,48,40,4.7,US,scattered clouds,0.0,0.0,2020-05-30 21:28:11
407,Bryan,30.67,-96.37,89.01,48,40,4.7,US,,,,2020-05-30 21:28:11
408,Praia Da Vitoria,38.73,-27.07,66.2,93,75,7.2,PT,light intensity drizzle,0.0,0.0,2020-05-30 21:24:04
409,Praia Da Vitoria,38.73,-27.07,66.2,93,75,7.2,PT,,,,2020-05-30 21:24:04
410,Ayna,-12.65,-73.92,70.23,33,58,3.67,PE,broken clouds,0.0,0.0,2020-05-30 21:28:11
411,Ayna,-12.65,-73.92,70.23,33,58,3.67,PE,,,,2020-05-30 21:28:11
412,Payakumbuh,-0.22,100.63,71.73,91,100,2.35,ID,moderate rain,0.0,0.0,2020-05-30 21:28:11
413,Payakumbuh,-0.22,100.63,71.73,91,100,2.35,ID,,,,2020-05-30 21:28:11
414,Zhezkazgan,47.8,67.71,73.51,33,0,9.31,KZ,clear sky,0.0,0.0,2020-05-30 21:28:12
415,Zhezkazgan,47.8,67.71,73.51,33,0,9.31,KZ,,,,2020-05-30 21:28:12
416,Wakkanai,45.41,141.67,54.54,84,0,22.91,JP,clear sky,0.0,0.0,2020-05-30 21:28:12
417,Wakkanai,45.41,141.67,54.54,84,0,22.91,JP,,,,2020-05-30 21:28:12
418,Upernavik,72.79,-56.15,30.18,93,0,6.53,GL,clear sky,0.0,0.0,2020-05-30 21:17:32
419,Upernavik,72.79,-56.15,30.18,93,0,6.53,GL,,,,2020-05-30 21:17:32
420,Mokhsogollokh,61.47,128.92,40.26,64,0,3.87,RU,clear sky,0.0,0.0,2020-05-30 21:19:56
421,Mokhsogollokh,61.47,128.92,40.26,64,0,3.87,RU,,,,2020-05-30 21:19:56
422,Cayenne,4.93,-52.33,84.2,74,20,12.75,GF,few clouds,0.0,0.0,2020-05-30 21:20:37
423,Cayenne,4.93,-52.33,84.2,74,20,12.75,GF,,,,2020-05-30 21:20:37
424,Longyearbyen,78.22,15.64,35.6,91,75,6.93,SJ,broken clouds,0.0,0.0,2020-05-30 21:20:41
425,Longyearbyen,78.22,15.64,35.6,91,75,6.93,SJ,,,,2020-05-30 21:20:41
426,Provideniya,64.38,-173.3,47.75,53,0,11.05,RU,clear sky,0.0,0.0,2020-05-30 21:19:46
427,Provideniya,64.38,-173.3,47.75,53,0,11.05,RU,,,,2020-05-30 21:19:46
428,Bengkulu,-3.8,102.27,75.94,89,99,4.27,ID,overcast clouds,0.0,0.0,2020-05-30 21:17:18
429,Bengkulu,-3.8,102.27,75.94,89,99,4.27,ID,,,,2020-05-30 21:17:18
430,Nabire,-3.37,135.48,76.51,86,88,3.96,ID,light rain,0.0,0.0,2020-05-30 21:28:12
431,Nabire,-3.37,135.48,76.51,86,88,3.96,ID,,,,2020-05-30 21:28:12
432,Husavik,66.04,-17.34,51.8,50,20,24.16,IS,few clouds,0.0,0.0,2020-05-30 21:20:23
433,Husavik,66.04,-17.34,51.8,50,20,24.16,IS,,,,2020-05-30 21:20:23
434,Fukue,32.69,128.84,66.92,89,100,15.61,JP,light rain,0.0,0.0,2020-05-30 21:28:13
435,Fukue,32.69,128.84,66.92,89,100,15.61,JP,,,,2020-05-30 21:28:13
436,Kampong Thum,12.71,104.89,77.95,92,100,3.0,KH,overcast clouds,0.0,0.0,2020-05-30 21:28:13
437,Kampong Thum,12.71,104.89,77.95,92,100,3.0,KH,,,,2020-05-30 21:28:13
438,Komsomolskiy,40.43,71.72,73.4,38,24,4.7,UZ,few clouds,0.0,0.0,2020-05-30 21:20:09
439,Komsomolskiy,40.43,71.72,73.4,38,24,4.7,UZ,,,,2020-05-30 21:20:09
440,Ostrovnoy,68.05,39.51,39.15,82,98,15.79,RU,light rain,0.0,0.0,2020-05-30 21:19:50
441,Ostrovnoy,68.05,39.51,39.15,82,98,15.79,RU,,,,2020-05-30 21:19:50
442,Roebourne,-20.78,117.13,73.62,37,74,14.61,AU,broken clouds,0.0,0.0,2020-05-30 21:28:13
443,Roebourne,-20.78,117.13,73.62,37,74,14.61,AU,,,,2020-05-30 21:28:13
444,Tazovskiy,67.47,78.7,43.48,84,100,8.01,RU,overcast clouds,0.0,0.0,2020-05-30 21:20:08
445,Tazovskiy,67.47,78.7,43.48,84,100,8.01,RU,,,,2020-05-30 21:20:08
446,Hami,42.8,93.45,68.13,21,96,2.17,CN,overcast clouds,0.0,0.0,2020-05-30 21:24:23
447,Hami,42.8,93.45,68.13,21,96,2.17,CN,,,,2020-05-30 21:24:23
448,Lasa,46.62,10.7,48.2,76,40,10.29,IT,scattered clouds,0.0,0.0,2020-05-30 21:20:15
449,Lasa,46.62,10.7,48.2,76,40,10.29,IT,,,,2020-05-30 21:20:15
450,Esperance,-33.87,121.9,53.6,81,90,18.34,AU,overcast clouds,0.0,0.0,2020-05-30 21:19:39
451,Esperance,-33.87,121.9,53.6,81,90,18.34,AU,,,,2020-05-30 21:19:39
452,Sokolo,14.73,-6.12,91.67,35,100,3.8,ML,light rain,0.0,0.0,2020-05-30 21:28:14
453,Sokolo,14.73,-6.12,91.67,35,100,3.8,ML,,,,2020-05-30 21:28:14
454,Kamenka,51.32,42.77,57.0,82,0,1.99,RU,clear sky,0.0,0.0,2020-05-30 21:17:33
455,Kamenka,51.32,42.77,57.0,82,0,1.99,RU,,,,2020-05-30 21:17:33
456,Orchard Homes,46.86,-114.05,84.99,48,1,6.93,US,clear sky,0.0,0.0,2020-05-30 21:27:10
457,Orchard Homes,46.86,-114.05,84.99,48,1,6.93,US,,,,2020-05-30 21:27:10
458,Bakel,14.9,-12.46,84.27,61,49,21.94,SN,scattered clouds,0.0,0.0,2020-05-30 21:28:14
459,Bakel,14.9,-12.46,84.27,61,49,21.94,SN,,,,2020-05-30 21:28:14
460,Burnie,-41.07,145.92,50.0,77,81,3.0,AU,broken clouds,0.0,0.0,2020-05-30 21:28:14
461,Burnie,-41.07,145.92,50.0,77,81,3.0,AU,,,,2020-05-30 21:28:14
462,Port Shepstone,-30.74,30.45,64.22,78,81,5.28,ZA,broken clouds,0.0,0.0,2020-05-30 21:28:14
463,Port Shepstone,-30.74,30.45,64.22,78,81,5.28,ZA,,,,2020-05-30 21:28:14
464,Umiray,15.22,121.41,80.24,78,35,3.74,PH,scattered clouds,0.0,0.0,2020-05-30 21:28:14
465,Umiray,15.22,121.41,80.24,78,35,3.74,PH,,,,2020-05-30 21:28:14
466,Kudahuvadhoo,2.67,72.89,83.21,73,100,8.37,MV,light rain,0.0,0.0,2020-05-30 21:28:14
467,Kudahuvadhoo,2.67,72.89,83.21,73,100,8.37,MV,,,,2020-05-30 21:28:14
468,Turukhansk,65.82,87.98,51.17,77,92,3.02,RU,overcast clouds,0.0,0.0,2020-05-30 21:19:39
469,Turukhansk,65.82,87.98,51.17,77,92,3.02,RU,,,,2020-05-30 21:19:39
470,Hammerfest,70.66,23.68,41.0,100,100,13.87,NO,light rain,0.0,0.0,2020-05-30 21:24:54
471,Hammerfest,70.66,23.68,41.0,100,100,13.87,NO,,,,2020-05-30 21:24:54
472,Kaeo,-35.1,173.78,60.01,3,100,8.01,NZ,light rain,0.0,0.0,2020-05-30 21:20:29
473,Kaeo,-35.1,173.78,60.01,3,100,8.01,NZ,,,,2020-05-30 21:20:29
474,Hasaki,35.73,140.83,64.0,100,75,2.24,JP,broken clouds,0.0,0.0,2020-05-30 21:19:54
475,Hasaki,35.73,140.83,64.0,100,75,2.24,JP,,,,2020-05-30 21:19:54
476,Severo-Yeniseyskiy,60.37,93.04,40.55,98,62,2.13,RU,broken clouds,0.0,0.0,2020-05-30 21:28:15
477,Severo-Yeniseyskiy,60.37,93.04,40.55,98,62,2.13,RU,,,,2020-05-30 21:28:15
478,Yanam,16.73,82.22,81.52,93,99,3.0,IN,overcast clouds,0.0,0.0,2020-05-30 21:20:41
479,Yanam,16.73,82.22,81.52,93,99,3.0,IN,,,,2020-05-30 21:20:41
480,Male,4.17,73.51,82.4,83,75,14.99,MV,broken clouds,0.0,0.0,2020-05-30 21:25:58
481,Male,4.17,73.51,82.4,83,75,14.99,MV,,,,2020-05-30 21:25:58
482,Virginia Beach,36.85,-75.98,78.01,78,90,6.93,US,thunderstorm,0.0,0.0,2020-05-30 21:18:53
483,Virginia Beach,36.85,-75.98,78.01,78,90,6.93,US,,,,2020-05-30 21:18:53
484,Charters Towers,-20.1,146.27,59.32,95,0,4.85,AU,clear sky,0.0,0.0,2020-05-30 21:20:04
485,Charters Towers,-20.1,146.27,59.32,95,0,4.85,AU,,,,2020-05-30 21:20:04
486,La Asuncion,11.03,-63.86,81.61,76,18,18.25,VE,few clouds,0.0,0.0,2020-05-30 21:28:15
487,La Asuncion,11.03,-63.86,81.61,76,18,18.25,VE,,,,2020-05-30 21:28:15
488,Qui Nhon,13.77,109.23,79.97,82,0,4.03,VN,clear sky,0.0,0.0,2020-05-30 21:28:15
489,Qui Nhon,13.77,109.23,79.97,82,0,4.03,VN,,,,2020-05-30 21:28:15
490,Odemira,37.6,-8.64,64.99,86,94,2.68,PT,overcast clouds,0.0,0.0,2020-05-30 21:28:15
491,Odemira,37.6,-8.64,64.99,86,94,2.68,PT,,,,2020-05-30 21:28:15
492,Saint-Augustin,51.23,-58.65,54.95,88,97,26.11,CA,overcast clouds,0.0,0.0,2020-05-30 21:20:26
493,Saint-Augustin,51.23,-58.65,54.95,88,97,26.11,CA,,,,2020-05-30 21:20:26
494,Constitucion,-35.33,-72.42,56.41,47,0,8.19,CL,clear sky,0.0,0.0,2020-05-30 21:17:12
495,Constitucion,-35.33,-72.42,56.41,47,0,8.19,CL,,,,2020-05-30 21:17:12
496,Itaueira,-7.6,-43.03,74.88,74,84,3.78,BR,broken clouds,0.0,0.0,2020-05-30 21:28:16
497,Itaueira,-7.6,-43.03,74.88,74,84,3.78,BR,,,,2020-05-30 21:28:16
498,Savannah Bight,16.45,-85.85,83.32,81,99,25.14,HN,overcast clouds,0.0,0.0,2020-05-30 21:28:16
499,Savannah Bight,16.45,-85.85,83.32,81,99,25.14,HN,,,,2020-05-30 21:28:16
500,Lazaro Cardenas,17.96,-102.2,82.87,62,0,11.41,MX,clear sky,0.0,0.0,2020-05-30 21:20:35
501,Lazaro Cardenas,17.96,-102.2,82.87,62,0,11.41,MX,,,,2020-05-30 21:20:35
502,Manzhouli,49.6,117.43,42.94,79,2,11.27,CN,clear sky,0.0,0.0,2020-05-30 21:28:16
503,Manzhouli,49.6,117.43,42.94,79,2,11.27,CN,,,,2020-05-30 21:28:16
504,Merauke,-8.47,140.33,78.51,87,34,14.27,ID,scattered clouds,0.0,0.0,2020-05-30 21:20:22
505,Merauke,-8.47,140.33,78.51,87,34,14.27,ID,,,,2020-05-30 21:20:22
506,Vardo,70.37,31.11,41.92,75,100,10.45,NO,overcast clouds,0.0,0.0,2020-05-30 21:20:34
507,Vardo,70.37,31.11,41.92,75,100,10.45,NO,,,,2020-05-30 21:20:34
508,Tautira,-17.73,-149.15,86.0,70,20,3.36,PF,few clouds,0.0,0.0,2020-05-30 21:20:24
509,Tautira,-17.73,-149.15,86.0,70,20,3.36,PF,,,,2020-05-30 21:20:24
510,Wehr,47.63,7.9,60.8,48,6,3.36,DE,clear sky,0.0,0.0,2020-05-30 21:28:17
511,Wehr,47.63,7.9,60.8,48,6,3.36,DE,,,,2020-05-30 21:28:17
512,Watrous,51.67,-105.47,70.56,40,14,11.23,CA,few clouds,0.0,0.0,2020-05-30 21:28:17
513,Watrous,51.67,-105.47,70.56,40,14,11.23,CA,,,,2020-05-30 21:28:17
514,Coihaique,-45.58,-72.07,39.2,69,0,4.7,CL,clear sky,0.0,0.0,2020-05-30 21:20:12
515,Coihaique,-45.58,-72.07,39.2,69,0,4.7,CL,,,,2020-05-30 21:20:12
516,Mattru,7.62,-11.83,77.04,95,100,1.21,SL,moderate rain,0.0,0.0,2020-05-30 21:28:17
517,Mattru,7.62,-11.83,77.04,95,100,1.21,SL,,,,2020-05-30 21:28:17
518,Adrar,20.5,-10.07,93.49,17,6,5.99,MR,clear sky,0.0,0.0,2020-05-30 21:17:46
519,Adrar,20.5,-10.07,93.49,17,6,5.99,MR,,,,2020-05-30 21:17:46
520,Tutoia,-2.76,-42.27,78.53,86,100,4.88,BR,overcast clouds,0.0,0.0,2020-05-30 21:28:17
521,Tutoia,-2.76,-42.27,78.53,86,100,4.88,BR,,,,2020-05-30 21:28:17
522,Krasnoselkup,65.7,82.47,50.43,71,100,2.95,RU,overcast clouds,0.0,0.0,2020-05-30 21:20:22
523,Krasnoselkup,65.7,82.47,50.43,71,100,2.95,RU,,,,2020-05-30 21:20:22
524,Mitsamiouli,-11.38,43.28,81.0,73,0,9.62,KM,clear sky,0.0,0.0,2020-05-30 21:24:22
525,Mitsamiouli,-11.38,43.28,81.0,73,0,9.62,KM,,,,2020-05-30 21:24:22
526,Rocha,-34.48,-54.33,62.67,88,53,4.59,UY,broken clouds,0.0,0.0,2020-05-30 21:24:22
527,Rocha,-34.48,-54.33,62.67,88,53,4.59,UY,,,,2020-05-30 21:24:22
528,Bonito,-21.12,-56.48,73.89,64,55,2.15,BR,broken clouds,0.0,0.0,2020-05-30 21:28:18
529,Bonito,-21.12,-56.48,73.89,64,55,2.15,BR,,,,2020-05-30 21:28:18
530,Ygatimi,-24.08,-55.5,75.54,63,22,4.05,PY,few clouds,0.0,0.0,2020-05-30 21:24:04
531,Ygatimi,-24.08,-55.5,75.54,63,22,4.05,PY,,,,2020-05-30 21:24:04
532,Phalaborwa,-23.94,31.14,62.6,82,0,6.93,ZA,clear sky,0.0,0.0,2020-05-30 21:28:18
533,Phalaborwa,-23.94,31.14,62.6,82,0,6.93,ZA,,,,2020-05-30 21:28:18
534,Kumluca,36.37,30.29,65.05,65,0,4.74,TR,clear sky,0.0,0.0,2020-05-30 21:28:18
535,Kumluca,36.37,30.29,65.05,65,0,4.74,TR,,,,2020-05-30 21:28:18
536,Labuhan,-6.88,112.21,78.71,88,63,6.64,ID,broken clouds,0.0,0.0,2020-05-30 21:20:26
537,Labuhan,-6.88,112.21,78.71,88,63,6.64,ID,,,,2020-05-30 21:20:26
538,Fortuna,40.6,-124.16,55.0,93,90,5.82,US,moderate rain,0.0,0.0,2020-05-30 21:17:40
539,Fortuna,40.6,-124.16,55.0,93,90,5.82,US,,,,2020-05-30 21:17:40
540,Port Lincoln,-34.73,135.87,53.4,69,33,10.92,AU,scattered clouds,0.0,0.0,2020-05-30 21:17:17
541,Port Lincoln,-34.73,135.87,53.4,69,33,10.92,AU,,,,2020-05-30 21:17:17
542,Khor,47.89,134.95,61.63,67,0,6.46,RU,clear sky,0.0,0.0,2020-05-30 21:28:18
543,Khor,47.89,134.95,61.63,67,0,6.46,RU,,,,2020-05-30 21:28:18
544,Nome,64.5,-165.41,69.8,30,75,6.93,US,broken clouds,0.0,0.0,2020-05-30 21:19:39
545,Nome,64.5,-165.41,69.8,30,75,6.93,US,,,,2020-05-30 21:19:39
546,Vila,42.03,-8.16,64.0,93,40,3.36,PT,mist,0.0,0.0,2020-05-30 21:28:19
547,Vila,42.03,-8.16,64.0,93,40,3.36,PT,,,,2020-05-30 21:28:19
548,Aizkraukle,56.6,25.26,55.99,61,27,1.99,LV,scattered clouds,0.0,0.0,2020-05-30 21:28:19
549,Aizkraukle,56.6,25.26,55.99,61,27,1.99,LV,,,,2020-05-30 21:28:19
550,Airai,-8.93,125.41,56.05,80,1,2.75,TL,clear sky,0.0,0.0,2020-05-30 21:20:08
551,Airai,-8.93,125.41,56.05,80,1,2.75,TL,,,,2020-05-30 21:20:08
552,Tuatapere,-46.13,167.68,43.12,75,46,5.17,NZ,scattered clouds,0.0,0.0,2020-05-30 21:19:41
553,Tuatapere,-46.13,167.68,43.12,75,46,5.17,NZ,,,,2020-05-30 21:19:41
554,Sur,22.57,59.53,89.51,60,99,16.44,OM,overcast clouds,0.0,0.0,2020-05-30 21:20:18
555,Sur,22.57,59.53,89.51,60,99,16.44,OM,,,,2020-05-30 21:20:18
556,Nantucket,41.28,-70.1,64.0,87,75,12.75,US,broken clouds,0.0,0.0,2020-05-30 21:18:02
557,Nantucket,41.28,-70.1,64.0,87,75,12.75,US,,,,2020-05-30 21:18:02
558,Namatanai,-3.67,152.43,80.8,79,4,2.46,PG,clear sky,0.0,0.0,2020-05-30 21:24:22
559,Namatanai,-3.67,152.43,80.8,79,4,2.46,PG,,,,2020-05-30 21:24:22
560,Kortkeros,61.81,51.58,44.6,93,3,4.47,RU,clear sky,0.0,0.0,2020-05-30 21:28:19
561,Kortkeros,61.81,51.58,44.6,93,3,4.47,RU,,,,2020-05-30 21:28:19
562,Atar,20.52,-13.05,90.36,15,0,6.15,MR,clear sky,0.0,0.0,2020-05-30 21:19:54
563,Atar,20.52,-13.05,90.36,15,0,6.15,MR,,,,2020-05-30 21:19:54
564,Demba,-5.51,22.27,73.0,64,0,0.74,CD,clear sky,0.0,0.0,2020-05-30 21:28:19
565,Demba,-5.51,22.27,73.0,64,0,0.74,CD,,,,2020-05-30 21:28:19
566,Alofi,-19.06,-169.92,82.4,83,9,9.17,NU,clear sky,0.0,0.0,2020-05-30 21:19:46
567,Alofi,-19.06,-169.92,82.4,83,9,9.17,NU,,,,2020-05-30 21:19:46
568,Cotonou,6.37,2.42,80.6,83,20,6.93,BJ,few clouds,0.0,0.0,2020-05-30 21:28:20
569,Cotonou,6.37,2.42,80.6,83,20,6.93,BJ,,,,2020-05-30 21:28:20
570,Serebryansk,49.69,83.29,44.6,81,0,4.5,KZ,clear sky,0.0,0.0,2020-05-30 21:28:20
571,Serebryansk,49.69,83.29,44.6,81,0,4.5,KZ,,,,2020-05-30 21:28:20
572,Cidreira,-30.18,-50.21,64.53,74,96,1.99,BR,overcast clouds,0.0,0.0,2020-05-30 21:19:15
573,Cidreira,-30.18,-50.21,64.53,74,96,1.99,BR,,,,2020-05-30 21:19:15
574,Sitka,57.05,-135.33,53.6,71,75,10.29,US,broken clouds,0.0,0.0,2020-05-30 21:20:12
575,Sitka,57.05,-135.33,53.6,71,75,10.29,US,,,,2020-05-30 21:20:12
576,Saint George,37.1,-113.58,102.2,11,1,26.4,US,clear sky,0.0,0.0,2020-05-30 21:19:08
577,Saint George,37.1,-113.58,102.2,11,1,26.4,US,,,,2020-05-30 21:19:08
578,Hoi An,15.88,108.33,80.6,88,20,3.36,VN,few clouds,0.0,0.0,2020-05-30 21:28:20
579,Hoi An,15.88,108.33,80.6,88,20,3.36,VN,,,,2020-05-30 21:28:20
580,Deputatskiy,69.3,139.9,31.66,87,1,5.06,RU,clear sky,0.0,0.0,2020-05-30 21:24:21
581,Deputatskiy,69.3,139.9,31.66,87,1,5.06,RU,,,,2020-05-30 21:24:21
582,San Carlos,9.66,-68.58,81.1,79,94,4.5,VE,light rain,0.0,0.0,2020-05-30 21:28:20
583,San Carlos,9.66,-68.58,81.1,79,94,4.5,VE,,,,2020-05-30 21:28:20
584,Brae,60.4,-1.35,51.8,71,12,9.17,GB,few clouds,0.0,0.0,2020-05-30 21:23:35
585,Brae,60.4,-1.35,51.8,71,12,9.17,GB,,,,2020-05-30 21:23:35
586,Broome,42.25,-75.83,73.0,48,75,9.17,US,broken clouds,0.0,0.0,2020-05-30 21:20:04
587,Broome,42.25,-75.83,73.0,48,75,9.17,US,,,,2020-05-30 21:20:04
588,Sao Domingos,-13.4,-46.32,69.4,61,1,4.83,BR,clear sky,0.0,0.0,2020-05-30 21:28:21
589,Sao Domingos,-13.4,-46.32,69.4,61,1,4.83,BR,,,,2020-05-30 21:28:21
590,Zeya,53.75,127.27,46.96,89,100,3.0,RU,overcast clouds,0.0,0.0,2020-05-30 21:28:21
591,Zeya,53.75,127.27,46.96,89,100,3.0,RU,,,,2020-05-30 21:28:21
592,Cedar City,37.68,-113.06,71.6,49,90,17.22,US,moderate rain,0.0,0.0,2020-05-30 21:24:16
593,Cedar City,37.68,-113.06,71.6,49,90,17.22,US,,,,2020-05-30 21:24:16
594,Castro,-24.79,-50.01,56.91,81,8,3.42,BR,clear sky,0.0,0.0,2020-05-30 21:19:44
595,Castro,-24.79,-50.01,56.91,81,8,3.42,BR,,,,2020-05-30 21:19:44
596,Lavrentiya,65.58,-171.0,46.54,56,0,10.47,RU,clear sky,0.0,0.0,2020-05-30 21:20:03
597,Lavrentiya,65.58,-171.0,46.54,56,0,10.47,RU,,,,2020-05-30 21:20:03
598,Bombay,19.01,72.85,87.8,74,40,5.82,IN,haze,0.0,0.0,2020-05-30 21:26:14
599,Bombay,19.01,72.85,87.8,74,40,5.82,IN,,,,2020-05-30 21:26:14
600,Leningradskiy,69.38,178.42,42.03,72,0,3.56,RU,clear sky,0.0,0.0,2020-05-30 21:23:32
601,Leningradskiy,69.38,178.42,42.03,72,0,3.56,RU,,,,2020-05-30 21:23:32
602,San Patricio,19.22,-104.7,80.6,83,20,17.22,MX,few clouds,0.0,0.0,2020-05-30 21:20:05
603,San Patricio,19.22,-104.7,80.6,83,20,17.22,MX,,,,2020-05-30 21:20:05
604,San Matias,-16.37,-58.4,83.64,54,2,4.68,BO,clear sky,0.0,0.0,2020-05-30 21:28:22
605,San Matias,-16.37,-58.4,83.64,54,2,4.68,BO,,,,2020-05-30 21:28:22
606,Marica,-22.92,-42.82,71.6,78,0,8.05,BR,clear sky,0.0,0.0,2020-05-30 21:28:22
607,Marica,-22.92,-42.82,71.6,78,0,8.05,BR,,,,2020-05-30 21:28:22
608,Paamiut,61.99,-49.67,37.31,86,88,12.95,GL,overcast clouds,0.0,0.0,2020-05-30 21:23:32
609,Paamiut,61.99,-49.67,37.31,86,88,12.95,GL,,,,2020-05-30 21:23:32
610,Baykit,61.67,96.37,48.33,78,100,5.06,RU,overcast clouds,0.0,0.0,2020-05-30 21:19:50
611,Baykit,61.67,96.37,48.33,78,100,5.06,RU,,,,2020-05-30 21:19:50
612,Juneau,58.3,-134.42,60.8,59,75,4.7,US,broken clouds,0.0,0.0,2020-05-30 21:24:17
613,Juneau,58.3,-134.42,60.8,59,75,4.7,US,,,,2020-05-30 21:24:17
614,Sagaing,21.88,95.98,80.8,76,77,9.08,MM,light rain,0.0,0.0,2020-05-30 21:28:22
615,Sagaing,21.88,95.98,80.8,76,77,9.08,MM,,,,2020-05-30 21:28:22
616,Port Elizabeth,-33.92,25.57,51.8,93,0,2.24,ZA,mist,0.0,0.0,2020-05-30 21:16:48
617,Port Elizabeth,-33.92,25.57,51.8,93,0,2.24,ZA,,,,2020-05-30 21:16:48
618,Yumen,40.28,97.2,56.66,30,0,5.99,CN,clear sky,0.0,0.0,2020-05-30 21:20:31
619,Yumen,40.28,97.2,56.66,30,0,5.99,CN,,,,2020-05-30 21:20:31
620,Moratuwa,6.77,79.88,80.82,86,21,9.69,LK,light rain,0.0,0.0,2020-05-30 21:28:22
621,Moratuwa,6.77,79.88,80.82,86,21,9.69,LK,,,,2020-05-30 21:28:22
622,Tura,25.52,90.22,71.74,97,90,3.71,IN,moderate rain,0.0,0.0,2020-05-30 21:23:40
623,Tura,25.52,90.22,71.74,97,90,3.71,IN,,,,2020-05-30 21:23:40
624,Xudat,41.63,48.68,64.04,67,0,7.31,AZ,clear sky,0.0,0.0,2020-05-30 21:28:23
625,Xudat,41.63,48.68,64.04,67,0,7.31,AZ,,,,2020-05-30 21:28:23
626,Cham,49.24,12.68,50.0,63,0,2.75,DE,clear sky,0.0,0.0,2020-05-30 21:28:23
627,Cham,49.24,12.68,50.0,63,0,2.75,DE,,,,2020-05-30 21:28:23
628,Karpogory,64.0,44.45,43.0,73,100,8.03,RU,overcast clouds,0.0,0.0,2020-05-30 21:28:23
629,Karpogory,64.0,44.45,43.0,73,100,8.03,RU,,,,2020-05-30 21:28:23
630,Port Macquarie,-31.43,152.92,55.0,97,20,6.76,AU,few clouds,0.0,0.0,2020-05-30 21:20:01
631,Port Macquarie,-31.43,152.92,55.0,97,20,6.76,AU,,,,2020-05-30 21:20:01
632,Lompoc,34.64,-120.46,69.8,56,40,10.29,US,scattered clouds,0.0,0.0,2020-05-30 21:20:22
633,Lompoc,34.64,-120.46,69.8,56,40,10.29,US,,,,2020-05-30 21:20:22
634,Sorland,67.67,12.69,47.28,90,0,9.93,NO,clear sky,0.0,0.0,2020-05-30 21:20:37
635,Sorland,67.67,12.69,47.28,90,0,9.93,NO,,,,2020-05-30 21:20:37
636,Narsaq,60.92,-46.05,53.6,37,40,10.29,GL,scattered clouds,0.0,0.0,2020-05-30 21:19:51
637,Narsaq,60.92,-46.05,53.6,37,40,10.29,GL,,,,2020-05-30 21:19:51
638,Fort Frances,48.6,-93.4,62.01,30,20,6.93,CA,few clouds,0.0,0.0,2020-05-30 21:28:23
639,Fort Frances,48.6,-93.4,62.01,30,20,6.93,CA,,,,2020-05-30 21:28:23
640,Xushan,30.18,121.25,70.0,100,75,2.24,CN,mist,0.0,0.0,2020-05-30 21:28:24
641,Xushan,30.18,121.25,70.0,100,75,2.24,CN,,,,2020-05-30 21:28:24
642,Tabuk,17.42,121.44,74.61,86,0,1.57,PH,clear sky,0.0,0.0,2020-05-30 21:28:24
643,Tabuk,17.42,121.44,74.61,86,0,1.57,PH,,,,2020-05-30 21:28:24
644,Pevek,69.7,170.31,40.46,73,24,21.0,RU,few clouds,0.0,0.0,2020-05-30 21:19:48
645,Pevek,69.7,170.31,40.46,73,24,21.0,RU,,,,2020-05-30 21:19:48
646,Kollam,8.88,76.6,82.4,88,40,3.36,IN,mist,0.0,0.0,2020-05-30 21:28:24
647,Kollam,8.88,76.6,82.4,88,40,3.36,IN,,,,2020-05-30 21:28:24
648,Snezhnogorsk,69.19,33.25,39.2,80,75,4.47,RU,broken clouds,0.0,0.0,2020-05-30 21:28:24
649,Snezhnogorsk,69.19,33.25,39.2,80,75,4.47,RU,,,,2020-05-30 21:28:24
650,Tacuarembo,-31.73,-55.98,64.0,89,97,5.46,UY,overcast clouds,0.0,0.0,2020-05-30 21:28:24
651,Tacuarembo,-31.73,-55.98,64.0,89,97,5.46,UY,,,,2020-05-30 21:28:24
652,Axim,4.87,-2.24,78.15,90,100,8.16,GH,moderate rain,0.0,0.0,2020-05-30 21:28:24
653,Axim,4.87,-2.24,78.15,90,100,8.16,GH,,,,2020-05-30 21:28:24
654,Blagoyevo,63.37,47.92,43.45,81,38,6.04,RU,scattered clouds,0.0,0.0,2020-05-30 21:28:24
655,Blagoyevo,63.37,47.92,43.45,81,38,6.04,RU,,,,2020-05-30 21:28:24
656,Rumuruti,0.27,36.54,58.03,76,22,9.13,KE,few clouds,0.0,0.0,2020-05-30 21:28:24
657,Rumuruti,0.27,36.54,58.03,76,22,9.13,KE,,,,2020-05-30 21:28:24
658,Hofn,64.25,-15.21,49.05,91,82,4.36,IS,broken clouds,0.0,0.0,2020-05-30 21:17:33
659,Hofn,64.25,-15.21,49.05,91,82,4.36,IS,,,,2020-05-30 21:17:33
660,Sfantu Gheorghe,45.87,25.78,51.01,85,10,8.01,RO,clear sky,0.0,0.0,2020-05-30 21:28:25
661,Sfantu Gheorghe,45.87,25.78,51.01,85,10,8.01,RO,,,,2020-05-30 21:28:25
662,Egvekinot,66.32,-179.17,36.61,98,4,6.67,RU,clear sky,0.0,0.0,2020-05-30 21:28:25
663,Egvekinot,66.32,-179.17,36.61,98,4,6.67,RU,,,,2020-05-30 21:28:25
664,Santa Isabel,-23.32,-46.22,75.2,55,6,4.7,BR,clear sky,0.0,0.0,2020-05-30 21:24:17
665,Santa Isabel,-23.32,-46.22,75.2,55,6,4.7,BR,,,,2020-05-30 21:24:17
666,Nanortalik,60.14,-45.24,39.45,80,91,5.19,GL,overcast clouds,0.0,0.0,2020-05-30 21:17:17
667,Nanortalik,60.14,-45.24,39.45,80,91,5.19,GL,,,,2020-05-30 21:17:17
668,Pesqueira,-8.36,-36.7,69.98,91,100,9.22,BR,overcast clouds,0.0,0.0,2020-05-30 21:28:25
669,Pesqueira,-8.36,-36.7,69.98,91,100,9.22,BR,,,,2020-05-30 21:28:25
670,Wenling,28.37,121.36,73.0,92,100,3.89,CN,overcast clouds,0.0,0.0,2020-05-30 21:28:25
671,Wenling,28.37,121.36,73.0,92,100,3.89,CN,,,,2020-05-30 21:28:25
672,Gardez,33.6,69.23,93.2,12,1,10.29,AF,thunderstorm,0.0,0.0,2020-05-30 21:28:25
673,Gardez,33.6,69.23,93.2,12,1,10.29,AF,,,,2020-05-30 21:28:25
674,Manali,13.17,80.27,86.0,79,20,11.41,IN,few clouds,0.0,0.0,2020-05-30 21:28:25
675,Manali,13.17,80.27,86.0,79,20,11.41,IN,,,,2020-05-30 21:28:25
676,Marrakesh,31.63,-8.01,71.6,60,90,12.75,MA,overcast clouds,0.0,0.0,2020-05-30 21:24:12
677,Marrakesh,31.63,-8.01,71.6,60,90,12.75,MA,,,,2020-05-30 21:24:12
678,Bilma,18.69,12.92,91.65,15,0,7.23,NE,clear sky,0.0,0.0,2020-05-30 21:24:02
679,Bilma,18.69,12.92,91.65,15,0,7.23,NE,,,,2020-05-30 21:24:02
680,Rio Bueno,-40.32,-72.97,48.2,76,20,4.7,CL,few clouds,0.0,0.0,2020-05-30 21:28:26
681,Rio Bueno,-40.32,-72.97,48.2,76,20,4.7,CL,,,,2020-05-30 21:28:26
682,Lysva,58.11,57.81,52.12,92,97,5.3,RU,light rain,0.0,0.0,2020-05-30 21:28:26
683,Lysva,58.11,57.81,52.12,92,97,5.3,RU,,,,2020-05-30 21:28:26
684,Kenora,49.82,-94.43,59.0,28,40,10.29,CA,scattered clouds,0.0,0.0,2020-05-30 21:28:26
685,Kenora,49.82,-94.43,59.0,28,40,10.29,CA,,,,2020-05-30 21:28:26
686,Batemans Bay,-35.72,150.18,55.0,80,100,6.55,AU,overcast clouds,0.0,0.0,2020-05-30 21:28:26
687,Batemans Bay,-35.72,150.18,55.0,80,100,6.55,AU,,,,2020-05-30 21:28:26
688,Tshikapa,-6.42,20.8,74.32,58,4,0.96,CD,clear sky,0.0,0.0,2020-05-30 21:28:26
689,Tshikapa,-6.42,20.8,74.32,58,4,0.96,CD,,,,2020-05-30 21:28:26
690,Matara,5.95,80.54,79.86,90,2,8.41,LK,light rain,0.0,0.0,2020-05-30 21:28:26
691,Matara,5.95,80.54,79.86,90,2,8.41,LK,,,,2020-05-30 21:28:26
692,Namibe,-15.2,12.15,74.1,55,14,4.56,AO,few clouds,0.0,0.0,2020-05-30 21:19:46
693,Namibe,-15.2,12.15,74.1,55,14,4.56,AO,,,,2020-05-30 21:19:46
694,Betare Oya,5.6,14.08,68.79,95,100,2.42,CM,overcast clouds,0.0,0.0,2020-05-30 21:28:26
695,Betare Oya,5.6,14.08,68.79,95,100,2.42,CM,,,,2020-05-30 21:28:26
696,Mitchell,43.71,-98.03,69.8,46,90,5.82,US,overcast clouds,0.0,0.0,2020-05-30 21:28:26
697,Mitchell,43.71,-98.03,69.8,46,90,5.82,US,,,,2020-05-30 21:28:26
698,Shu,43.6,73.76,72.0,54,0,1.99,KZ,clear sky,0.0,0.0,2020-05-30 21:28:27
699,Shu,43.6,73.76,72.0,54,0,1.99,KZ,,,,2020-05-30 21:28:27
700,Zhizdra,53.75,34.74,54.82,97,100,4.83,RU,overcast clouds,0.0,0.0,2020-05-30 21:28:27
701,Zhizdra,53.75,34.74,54.82,97,100,4.83,RU,,,,2020-05-30 21:28:27
702,San Policarpo,12.18,125.51,81.93,81,1,7.61,PH,clear sky,0.0,0.0,2020-05-30 21:28:27
703,San Policarpo,12.18,125.51,81.93,81,1,7.61,PH,,,,2020-05-30 21:28:27
704,Tomatlan,19.93,-105.25,84.58,55,59,8.84,MX,broken clouds,0.0,0.0,2020-05-30 21:28:27
705,Tomatlan,19.93,-105.25,84.58,55,59,8.84,MX,,,,2020-05-30 21:28:27
706,Atyrau,47.12,51.88,77.0,47,0,15.66,KZ,clear sky,0.0,0.0,2020-05-30 21:28:27
707,Atyrau,47.12,51.88,77.0,47,0,15.66,KZ,,,,2020-05-30 21:28:27
708,Vologda,59.22,39.89,47.07,81,10,8.68,RU,clear sky,0.0,0.0,2020-05-30 21:28:27
709,Vologda,59.22,39.89,47.07,81,10,8.68,RU,,,,2020-05-30 21:28:27
710,Warrington,53.39,-2.58,66.2,45,9,12.75,GB,clear sky,0.0,0.0,2020-05-30 21:19:00
711,Warrington,53.39,-2.58,66.2,45,9,12.75,GB,,,,2020-05-30 21:19:00
712,Biak,-0.91,122.88,78.55,79,58,1.68,ID,broken clouds,0.0,0.0,2020-05-30 21:28:27
713,Biak,-0.91,122.88,78.55,79,58,1.68,ID,,,,2020-05-30 21:28:27
714,Pinawa,50.15,-95.88,63.84,32,0,10.13,CA,clear sky,0.0,0.0,2020-05-30 21:28:27
715,Pinawa,50.15,-95.88,63.84,32,0,10.13,CA,,,,2020-05-30 21:28:27
716,Syracuse,37.09,15.28,64.4,82,40,13.87,IT,scattered clouds,0.0,0.0,2020-05-30 21:28:28
717,Syracuse,37.09,15.28,64.4,82,40,13.87,IT,,,,2020-05-30 21:28:28
718,Belyy Yar,53.6,91.39,51.8,93,40,2.24,RU,light intensity shower rain,0.0,0.0,2020-05-30 21:28:28
719,Belyy Yar,53.6,91.39,51.8,93,40,2.24,RU,,,,2020-05-30 21:28:28
720,Guerrero Negro,27.98,-114.06,73.96,51,0,21.41,MX,clear sky,0.0,0.0,2020-05-30 21:14:53
721,Guerrero Negro,27.98,-114.06,73.96,51,0,21.41,MX,,,,2020-05-30 21:14:53
722,Dicabisagan,17.08,122.42,78.76,77,5,3.51,PH,clear sky,0.0,0.0,2020-05-30 21:28:28
723,Dicabisagan,17.08,122.42,78.76,77,5,3.51,PH,,,,2020-05-30 21:28:28
724,Takoradi,4.88,-1.76,78.1,90,100,9.55,GH,moderate rain,0.0,0.0,2020-05-30 21:20:26
725,Takoradi,4.88,-1.76,78.1,90,100,9.55,GH,,,,2020-05-30 21:20:26
726,Chik,54.99,82.43,50.0,81,21,6.71,RU,few clouds,0.0,0.0,2020-05-30 21:28:28
727,Chik,54.99,82.43,50.0,81,21,6.71,RU,,,,2020-05-30 21:28:28
728,Grand Gaube,-20.01,57.66,71.01,84,0,5.01,MU,clear sky,0.0,0.0,2020-05-30 21:20:17
729,Grand Gaube,-20.01,57.66,71.01,84,0,5.01,MU,,,,2020-05-30 21:20:17
730,Balikpapan,-1.27,116.83,78.8,100,20,2.24,ID,few clouds,0.0,0.0,2020-05-30 21:23:48
731,Balikpapan,-1.27,116.83,78.8,100,20,2.24,ID,,,,2020-05-30 21:23:48
732,Ballina,-28.87,153.57,57.99,100,100,3.44,AU,overcast clouds,0.0,0.0,2020-05-30 21:28:28
733,Ballina,-28.87,153.57,57.99,100,100,3.44,AU,,,,2020-05-30 21:28:28
734,Iwanai,42.97,140.51,60.26,56,0,1.61,JP,clear sky,0.0,0.0,2020-05-30 21:28:28
735,Iwanai,42.97,140.51,60.26,56,0,1.61,JP,,,,2020-05-30 21:28:28
736,Marawi,8.0,124.29,77.0,89,99,4.0,PH,moderate rain,0.0,0.0,2020-05-30 21:20:15
737,Marawi,8.0,124.29,77.0,89,99,4.0,PH,,,,2020-05-30 21:20:15
738,Khambhat,22.3,72.62,86.38,70,0,12.28,IN,clear sky,0.0,0.0,2020-05-30 21:28:29
739,Khambhat,22.3,72.62,86.38,70,0,12.28,IN,,,,2020-05-30 21:28:29
740,Manavgat,36.79,31.44,68.0,82,0,4.7,TR,clear sky,0.0,0.0,2020-05-30 21:28:29
741,Manavgat,36.79,31.44,68.0,82,0,4.7,TR,,,,2020-05-30 21:28:29
742,Muromtsevo,56.37,75.24,57.36,80,89,7.43,RU,overcast clouds,0.0,0.0,2020-05-30 21:28:29
743,Muromtsevo,56.37,75.24,57.36,80,89,7.43,RU,,,,2020-05-30 21:28:29
744,Newark,40.74,-74.17,84.2,26,40,16.11,US,scattered clouds,0.0,0.0,2020-05-30 21:26:03
745,Newark,40.74,-74.17,84.2,26,40,16.11,US,,,,2020-05-30 21:26:03
746,Ust-Nera,64.57,143.2,37.18,79,100,3.29,RU,overcast clouds,0.0,0.0,2020-05-30 21:28:29
747,Ust-Nera,64.57,143.2,37.18,79,100,3.29,RU,,,,2020-05-30 21:28:29
748,Kalianget,-7.05,113.93,81.37,82,80,10.2,ID,moderate rain,0.0,0.0,2020-05-30 21:28:29
749,Kalianget,-7.05,113.93,81.37,82,80,10.2,ID,,,,2020-05-30 21:28:29
750,Batagay,67.63,134.63,39.47,67,0,2.01,RU,clear sky,0.0,0.0,2020-05-30 21:20:10
751,Batagay,67.63,134.63,39.47,67,0,2.01,RU,,,,2020-05-30 21:20:10
752,Singapore,1.29,103.85,82.4,83,75,5.64,SG,broken clouds,0.0,0.0,2020-05-30 21:28:29
753,Singapore,1.29,103.85,82.4,83,75,5.64,SG,,,,2020-05-30 21:28:29
754,Daud Khel,32.88,71.57,78.51,55,72,9.42,PK,light rain,0.0,0.0,2020-05-30 21:28:30
755,Daud Khel,32.88,71.57,78.51,55,72,9.42,PK,,,,2020-05-30 21:28:30
756,Catumbela,-12.43,13.55,74.89,81,19,6.06,AO,few clouds,0.0,0.0,2020-05-30 21:28:30
757,Catumbela,-12.43,13.55,74.89,81,19,6.06,AO,,,,2020-05-30 21:28:30
758,Zhigansk,66.77,123.37,39.16,80,100,12.21,RU,overcast clouds,0.0,0.0,2020-05-30 21:19:37
759,Zhigansk,66.77,123.37,39.16,80,100,12.21,RU,,,,2020-05-30 21:19:37
760,Caravelas,-17.71,-39.25,71.38,72,0,4.34,BR,clear sky,0.0,0.0,2020-05-30 21:19:43
761,Caravelas,-17.71,-39.25,71.38,72,0,4.34,BR,,,,2020-05-30 21:19:43
762,Huadian,42.96,126.75,55.54,79,0,2.8,CN,clear sky,0.0,0.0,2020-05-30 21:28:30
763,Huadian,42.96,126.75,55.54,79,0,2.8,CN,,,,2020-05-30 21:28:30
764,Port Keats,-14.25,129.55,70.9,65,98,5.46,AU,overcast clouds,0.0,0.0,2020-05-30 21:24:15
765,Port Keats,-14.25,129.55,70.9,65,98,5.46,AU,,,,2020-05-30 21:24:15
766,Bilibino,68.05,166.44,45.18,63,87,5.73,RU,overcast clouds,0.0,0.0,2020-05-30 21:23:49
767,Bilibino,68.05,166.44,45.18,63,87,5.73,RU,,,,2020-05-30 21:23:49
768,Frontera,26.93,-101.45,84.99,29,100,1.99,MX,overcast clouds,0.0,0.0,2020-05-30 21:28:30
769,Frontera,26.93,-101.45,84.99,29,100,1.99,MX,,,,2020-05-30 21:28:30
770,Te Anau,-45.42,167.72,38.97,77,18,1.03,NZ,few clouds,0.0,0.0,2020-05-30 21:20:21
771,Te Anau,-45.42,167.72,38.97,77,18,1.03,NZ,,,,2020-05-30 21:20:21
772,Souillac,-20.52,57.52,69.8,94,20,3.36,MU,few clouds,0.0,0.0,2020-05-30 21:20:02
773,Souillac,-20.52,57.52,69.8,94,20,3.36,MU,,,,2020-05-30 21:20:02
774,Muirkirk,55.52,-4.07,59.0,65,17,8.81,GB,few clouds,0.0,0.0,2020-05-30 21:28:31
775,Muirkirk,55.52,-4.07,59.0,65,17,8.81,GB,,,,2020-05-30 21:28:31
776,Ukwa,21.97,80.47,80.92,47,31,3.4,IN,scattered clouds,0.0,0.0,2020-05-30 21:28:31
777,Ukwa,21.97,80.47,80.92,47,31,3.4,IN,,,,2020-05-30 21:28:31
778,Clyde River,70.47,-68.59,26.6,100,20,4.7,CA,few clouds,0.0,0.0,2020-05-30 21:20:40
779,Clyde River,70.47,-68.59,26.6,100,20,4.7,CA,,,,2020-05-30 21:20:40
780,Katobu,-4.94,122.53,77.0,91,100,4.47,ID,overcast clouds,0.0,0.0,2020-05-30 21:24:18
781,Katobu,-4.94,122.53,77.0,91,100,4.47,ID,,,,2020-05-30 21:24:18
782,San Ramon,37.78,-121.98,71.6,53,75,3.36,US,light rain,0.0,0.0,2020-05-30 21:19:45
783,San Ramon,37.78,-121.98,71.6,53,75,3.36,US,,,,2020-05-30 21:19:45
784,Kidal,18.44,1.41,94.26,18,47,9.26,ML,scattered clouds,0.0,0.0,2020-05-30 21:28:31
785,Kidal,18.44,1.41,94.26,18,47,9.26,ML,,,,2020-05-30 21:28:31
786,Newport,51.59,-3.0,66.0,52,4,10.47,GB,clear sky,0.0,0.0,2020-05-30 21:20:31
787,Newport,51.59,-3.0,66.0,52,4,10.47,GB,,,,2020-05-30 21:20:31
788,Ilebo,-4.32,20.58,72.73,87,60,1.34,CD,broken clouds,0.0,0.0,2020-05-30 21:28:31
789,Ilebo,-4.32,20.58,72.73,87,60,1.34,CD,,,,2020-05-30 21:28:31
790,Mazatlan,23.22,-106.42,79.0,73,90,8.05,MX,overcast clouds,0.0,0.0,2020-05-30 21:26:07
791,Mazatlan,23.22,-106.42,79.0,73,90,8.05,MX,,,,2020-05-30 21:26:07
792,Kununurra,-15.77,128.73,66.2,82,36,3.33,AU,scattered clouds,0.0,0.0,2020-05-30 21:20:03
793,Kununurra,-15.77,128.73,66.2,82,36,3.33,AU,,,,2020-05-30 21:20:03
794,Kawambwa,-9.79,29.08,67.86,59,71,7.38,ZM,broken clouds,0.0,0.0,2020-05-30 21:28:32
795,Kawambwa,-9.79,29.08,67.86,59,71,7.38,ZM,,,,2020-05-30 21:28:32
796,Lapeer,43.05,-83.32,64.4,55,40,12.75,US,scattered clouds,0.0,0.0,2020-05-30 21:28:32
797,Lapeer,43.05,-83.32,64.4,55,40,12.75,US,,,,2020-05-30 21:28:32
798,Erdenet,49.03,104.08,39.43,74,100,5.14,MN,overcast clouds,0.0,0.0,2020-05-30 21:28:32
799,Erdenet,49.03,104.08,39.43,74,100,5.14,MN,,,,2020-05-30 21:28:32
800,Salihorsk,52.79,27.54,58.71,95,100,15.61,BY,light rain,0.0,0.0,2020-05-30 21:28:32
801,Salihorsk,52.79,27.54,58.71,95,100,15.61,BY,,,,2020-05-30 21:28:32
802,Itaituba,-4.28,-55.98,80.6,88,40,3.27,BR,scattered clouds,0.0,0.0,2020-05-30 21:23:26
803,Itaituba,-4.28,-55.98,80.6,88,40,3.27,BR,,,,2020-05-30 21:23:26
804,Vao,-22.67,167.48,72.05,85,50,14.05,NC,scattered clouds,0.0,0.0,2020-05-30 21:24:19
805,Vao,-22.67,167.48,72.05,85,50,14.05,NC,,,,2020-05-30 21:24:19
806,Yerbogachen,61.28,108.01,43.95,67,88,4.74,RU,overcast clouds,0.0,0.0,2020-05-30 21:20:42
807,Yerbogachen,61.28,108.01,43.95,67,88,4.74,RU,,,,2020-05-30 21:20:42
808,Banda Aceh,5.56,95.32,80.37,77,100,6.42,ID,overcast clouds,0.0,0.0,2020-05-30 21:28:33
809,Banda Aceh,5.56,95.32,80.37,77,100,6.42,ID,,,,2020-05-30 21:28:33
810,Omboue,-1.57,9.26,75.63,88,81,5.73,GA,broken clouds,0.0,0.0,2020-05-30 21:24:01
811,Omboue,-1.57,9.26,75.63,88,81,5.73,GA,,,,2020-05-30 21:24:01
812,Talnakh,69.49,88.4,33.8,80,47,13.42,RU,scattered clouds,0.0,0.0,2020-05-30 21:20:02
813,Talnakh,69.49,88.4,33.8,80,47,13.42,RU,,,,2020-05-30 21:20:02
814,Mainit,9.54,125.52,79.18,84,69,4.09,PH,light rain,0.0,0.0,2020-05-30 21:28:33
815,Mainit,9.54,125.52,79.18,84,69,4.09,PH,,,,2020-05-30 21:28:33
816,North Bend,43.41,-124.22,55.99,93,90,3.36,US,heavy intensity rain,0.0,0.0,2020-05-30 21:28:33
817,North Bend,43.41,-124.22,55.99,93,90,3.36,US,,,,2020-05-30 21:28:33
818,Bocaue,14.8,120.93,84.2,79,20,5.82,PH,few clouds,0.0,0.0,2020-05-30 21:28:33
819,Bocaue,14.8,120.93,84.2,79,20,5.82,PH,,,,2020-05-30 21:28:33
820,Alugan,12.22,125.48,81.21,83,1,7.0,PH,clear sky,0.0,0.0,2020-05-30 21:28:33
821,Alugan,12.22,125.48,81.21,83,1,7.0,PH,,,,2020-05-30 21:28:33
822,Necochea,-38.55,-58.74,50.0,88,100,14.0,AR,overcast clouds,0.0,0.0,2020-05-30 21:24:19
823,Necochea,-38.55,-58.74,50.0,88,100,14.0,AR,,,,2020-05-30 21:24:19
824,Hearst,49.68,-83.67,51.98,42,100,11.27,CA,overcast clouds,0.0,0.0,2020-05-30 21:28:05
825,Hearst,49.68,-83.67,51.98,42,100,11.27,CA,,,,2020-05-30 21:28:05
826,Lafia,8.48,8.52,80.98,81,100,2.98,NG,overcast clouds,0.0,0.0,2020-05-30 21:28:34
827,Lafia,8.48,8.52,80.98,81,100,2.98,NG,,,,2020-05-30 21:28:34
828,Kutum,14.2,24.67,77.02,18,0,16.2,SD,clear sky,0.0,0.0,2020-05-30 21:20:30
829,Kutum,14.2,24.67,77.02,18,0,16.2,SD,,,,2020-05-30 21:20:30
830,Katsuura,35.13,140.3,68.0,93,100,8.7,JP,overcast clouds,0.0,0.0,2020-05-30 21:20:18
831,Katsuura,35.13,140.3,68.0,93,100,8.7,JP,,,,2020-05-30 21:20:18
832,Abong Mbang,3.98,13.18,71.19,95,100,1.41,CM,overcast clouds,0.0,0.0,2020-05-30 21:28:34
833,Abong Mbang,3.98,13.18,71.19,95,100,1.41,CM,,,,2020-05-30 21:28:34
834,Haines Junction,60.75,-137.51,60.84,46,37,5.97,CA,light rain,0.0,0.0,2020-05-30 21:23:35
835,Haines Junction,60.75,-137.51,60.84,46,37,5.97,CA,,,,2020-05-30 21:23:35
836,Ornskoldsvik,63.29,18.72,44.6,65,33,3.36,SE,scattered clouds,0.0,0.0,2020-05-30 21:28:34
837,Ornskoldsvik,63.29,18.72,44.6,65,33,3.36,SE,,,,2020-05-30 21:28:34
838,Banjar,-8.19,114.97,78.8,100,40,1.12,ID,scattered clouds,0.0,0.0,2020-05-30 21:24:59
839,Banjar,-8.19,114.97,78.8,100,40,1.12,ID,,,,2020-05-30 21:24:59
840,Tabou,4.42,-7.35,78.69,87,100,6.2,CI,overcast clouds,0.0,0.0,2020-05-30 21:20:10
841,Tabou,4.42,-7.35,78.69,87,100,6.2,CI,,,,2020-05-30 21:20:10
842,Moose Factory,51.26,-80.61,39.2,60,90,6.93,CA,overcast clouds,0.0,0.0,2020-05-30 21:20:20
843,Moose Factory,51.26,-80.61,39.2,60,90,6.93,CA,,,,2020-05-30 21:20:20
844,Sakaiminato,35.55,133.23,66.2,82,75,8.05,JP,broken clouds,0.0,0.0,2020-05-30 21:24:21
845,Sakaiminato,35.55,133.23,66.2,82,75,8.05,JP,,,,2020-05-30 21:24:21
846,Igrim,63.19,64.42,41.67,71,18,5.64,RU,few clouds,0.0,0.0,2020-05-30 21:28:35
847,Igrim,63.19,64.42,41.67,71,18,5.64,RU,,,,2020-05-30 21:28:35
848,Ixtapa,20.7,-105.2,78.8,74,90,12.75,MX,overcast clouds,0.0,0.0,2020-05-30 21:23:51
849,Ixtapa,20.7,-105.2,78.8,74,90,12.75,MX,,,,2020-05-30 21:23:51
850,Kedougou,12.56,-12.17,81.01,67,93,1.43,SN,light rain,0.0,0.0,2020-05-30 21:28:35
851,Kedougou,12.56,-12.17,81.01,67,93,1.43,SN,,,,2020-05-30 21:28:35
852,Aquiraz,-3.9,-38.39,82.4,69,20,3.36,BR,few clouds,0.0,0.0,2020-05-30 21:20:22
853,Aquiraz,-3.9,-38.39,82.4,69,20,3.36,BR,,,,2020-05-30 21:20:22
854,Rovaniemi,66.5,25.72,50.0,57,25,6.93,FI,scattered clouds,0.0,0.0,2020-05-30 21:28:35
855,Rovaniemi,66.5,25.72,50.0,57,25,6.93,FI,,,,2020-05-30 21:28:35
856,Vestmanna,62.16,-7.17,55.4,71,48,9.17,FO,scattered clouds,0.0,0.0,2020-05-30 21:28:35
857,Vestmanna,62.16,-7.17,55.4,71,48,9.17,FO,,,,2020-05-30 21:28:35
858,Nanlong,31.35,106.06,72.34,70,98,1.77,CN,light rain,0.0,0.0,2020-05-30 21:28:35
859,Nanlong,31.35,106.06,72.34,70,98,1.77,CN,,,,2020-05-30 21:28:35
860,San Quintin,30.48,-115.95,70.68,59,0,18.05,MX,clear sky,0.0,0.0,2020-05-30 21:19:52
861,San Quintin,30.48,-115.95,70.68,59,0,18.05,MX,,,,2020-05-30 21:19:52
862,Bundaberg,-24.85,152.35,61.0,87,90,8.05,AU,overcast clouds,0.0,0.0,2020-05-30 21:28:36
863,Bundaberg,-24.85,152.35,61.0,87,90,8.05,AU,,,,2020-05-30 21:28:36
864,Mount Gambier,-37.83,140.77,46.4,100,75,10.29,AU,broken clouds,0.0,0.0,2020-05-30 21:23:59
865,Mount Gambier,-37.83,140.77,46.4,100,75,10.29,AU,,,,2020-05-30 21:23:59
866,Kalabo,-14.97,22.68,61.99,41,100,4.92,ZM,overcast clouds,0.0,0.0,2020-05-30 21:28:36
867,Kalabo,-14.97,22.68,61.99,41,100,4.92,ZM,,,,2020-05-30 21:28:36
868,Dargaville,-35.93,173.88,59.32,91,100,10.2,NZ,light rain,0.0,0.0,2020-05-30 21:20:11
869,Dargaville,-35.93,173.88,59.32,91,100,10.2,NZ,,,,2020-05-30 21:20:11
870,Mwinilunga,-11.74,24.43,62.76,54,27,4.23,ZM,scattered clouds,0.0,0.0,2020-05-30 21:19:51
871,Mwinilunga,-11.74,24.43,62.76,54,27,4.23,ZM,,,,2020-05-30 21:19:51
872,Fare,-16.7,-151.02,81.28,79,7,18.86,PF,clear sky,0.0,0.0,2020-05-30 21:19:58
873,Fare,-16.7,-151.02,81.28,79,7,18.86,PF,,,,2020-05-30 21:19:58
874,Catia La Mar,10.6,-67.03,84.2,70,75,6.93,VE,broken clouds,0.0,0.0,2020-05-30 21:28:36
875,Catia La Mar,10.6,-67.03,84.2,70,75,6.93,VE,,,,2020-05-30 21:28:36
876,Hamilton,39.18,-84.53,73.99,40,40,11.41,US,scattered clouds,0.0,0.0,2020-05-30 21:16:53
877,Hamilton,39.18,-84.53,73.99,40,40,11.41,US,,,,2020-05-30 21:16:53
878,Shubarkuduk,49.14,56.49,78.3,38,100,10.83,KZ,overcast clouds,0.0,0.0,2020-05-30 21:28:36
879,Shubarkuduk,49.14,56.49,78.3,38,100,10.83,KZ,,,,2020-05-30 21:28:36
880,Marsh Harbour,26.54,-77.06,78.93,77,12,12.3,BS,few clouds,0.0,0.0,2020-05-30 21:28:37
881,Marsh Harbour,26.54,-77.06,78.93,77,12,12.3,BS,,,,2020-05-30 21:28:37
882,Xai-Xai,-25.05,33.64,67.78,90,1,5.26,MZ,clear sky,0.0,0.0,2020-05-30 21:28:37
883,Xai-Xai,-25.05,33.64,67.78,90,1,5.26,MZ,,,,2020-05-30 21:28:37
884,Mega,4.05,38.3,59.4,80,1,7.92,ET,clear sky,0.0,0.0,2020-05-30 21:28:37
885,Mega,4.05,38.3,59.4,80,1,7.92,ET,,,,2020-05-30 21:28:37
886,Miracema,-21.41,-42.2,64.38,85,0,1.14,BR,clear sky,0.0,0.0,2020-05-30 21:28:37
887,Miracema,-21.41,-42.2,64.38,85,0,1.14,BR,,,,2020-05-30 21:28:37
888,Ostersund,63.18,14.64,57.2,50,0,4.7,SE,clear sky,0.0,0.0,2020-05-30 21:28:37
889,Ostersund,63.18,14.64,57.2,50,0,4.7,SE,,,,2020-05-30 21:28:37
890,Leh,34.17,77.58,45.57,59,100,2.26,IN,light rain,0.0,0.0,2020-05-30 21:24:03
891,Leh,34.17,77.58,45.57,59,100,2.26,IN,,,,2020-05-30 21:24:03
892,Pangkalanbuun,-2.68,111.62,75.52,94,48,2.17,ID,scattered clouds,0.0,0.0,2020-05-30 21:26:04
893,Pangkalanbuun,-2.68,111.62,75.52,94,48,2.17,ID,,,,2020-05-30 21:26:04
894,Sinnai,39.3,9.2,66.2,72,56,6.93,IT,broken clouds,0.0,0.0,2020-05-30 21:28:37
895,Sinnai,39.3,9.2,66.2,72,56,6.93,IT,,,,2020-05-30 21:28:37
896,Trapani,37.83,12.67,66.2,82,6,3.36,IT,clear sky,0.0,0.0,2020-05-30 21:28:38
897,Trapani,37.83,12.67,66.2,82,6,3.36,IT,,,,2020-05-30 21:28:38
898,Sakhipur,24.3,90.18,80.6,74,75,4.7,BD,haze,0.0,0.0,2020-05-30 21:28:38
899,Sakhipur,24.3,90.18,80.6,74,75,4.7,BD,,,,2020-05-30 21:28:38
900,Romny,50.75,33.47,51.89,95,81,5.97,UA,broken clouds,0.0,0.0,2020-05-30 21:23:29
901,Romny,50.75,33.47,51.89,95,81,5.97,UA,,,,2020-05-30 21:23:29
902,Kaka,37.35,59.61,80.78,14,0,5.66,TM,clear sky,0.0,0.0,2020-05-30 21:28:38
903,Kaka,37.35,59.61,80.78,14,0,5.66,TM,,,,2020-05-30 21:28:38
904,Iqaluit,63.75,-68.51,30.2,80,90,4.7,CA,overcast clouds,0.0,0.0,2020-05-30 21:20:02
905,Iqaluit,63.75,-68.51,30.2,80,90,4.7,CA,,,,2020-05-30 21:20:02
906,Ugleuralskiy,58.95,57.58,46.99,88,100,4.68,RU,overcast clouds,0.0,0.0,2020-05-30 21:28:38
907,Ugleuralskiy,58.95,57.58,46.99,88,100,4.68,RU,,,,2020-05-30 21:28:38
908,Nelson Bay,-32.72,152.15,55.99,100,90,1.12,AU,overcast clouds,0.0,0.0,2020-05-30 21:20:10
909,Nelson Bay,-32.72,152.15,55.99,100,90,1.12,AU,,,,2020-05-30 21:20:10
910,Kuressaare,58.25,22.5,55.4,66,15,9.17,EE,few clouds,0.0,0.0,2020-05-30 21:28:38
911,Kuressaare,58.25,22.5,55.4,66,15,9.17,EE,,,,2020-05-30 21:28:38
912,Ajdabiya,30.76,20.23,74.57,45,35,13.56,LY,scattered clouds,0.0,0.0,2020-05-30 21:20:37
913,Ajdabiya,30.76,20.23,74.57,45,35,13.56,LY,,,,2020-05-30 21:20:37
914,Ust-Koksa,50.27,85.61,45.32,75,11,1.57,RU,few clouds,0.0,0.0,2020-05-30 21:28:38
915,Ust-Koksa,50.27,85.61,45.32,75,11,1.57,RU,,,,2020-05-30 21:28:38
916,Alta Floresta,-9.88,-56.09,87.8,52,18,3.36,BR,few clouds,0.0,0.0,2020-05-30 21:19:07
917,Alta Floresta,-9.88,-56.09,87.8,52,18,3.36,BR,,,,2020-05-30 21:19:07
918,Bolobo,-2.17,16.23,74.41,90,97,1.86,CD,moderate rain,0.0,0.0,2020-05-30 21:28:39
919,Bolobo,-2.17,16.23,74.41,90,97,1.86,CD,,,,2020-05-30 21:28:39
920,Henties Bay,-22.12,14.28,65.53,50,0,7.43,NA,clear sky,0.0,0.0,2020-05-30 21:20:31
921,Henties Bay,-22.12,14.28,65.53,50,0,7.43,NA,,,,2020-05-30 21:20:31
922,Cody,44.53,-109.06,82.4,28,1,8.05,US,clear sky,0.0,0.0,2020-05-30 21:28:39
923,Cody,44.53,-109.06,82.4,28,1,8.05,US,,,,2020-05-30 21:28:39
924,Vilhena,-12.74,-60.15,82.4,65,20,6.93,BR,few clouds,0.0,0.0,2020-05-30 21:28:39
925,Vilhena,-12.74,-60.15,82.4,65,20,6.93,BR,,,,2020-05-30 21:28:39
926,Antofagasta,-23.65,-70.4,66.2,59,75,8.05,CL,broken clouds,0.0,0.0,2020-05-30 21:26:12
927,Antofagasta,-23.65,-70.4,66.2,59,75,8.05,CL,,,,2020-05-30 21:26:12
928,Calvinia,-31.47,19.78,58.37,32,0,6.89,ZA,clear sky,0.0,0.0,2020-05-30 21:20:03
929,Calvinia,-31.47,19.78,58.37,32,0,6.89,ZA,,,,2020-05-30 21:20:03
930,Benjamin Constant,-4.38,-70.03,87.8,79,20,2.24,BR,few clouds,0.0,0.0,2020-05-30 21:20:35
931,Benjamin Constant,-4.38,-70.03,87.8,79,20,2.24,BR,,,,2020-05-30 21:20:35
932,Coracora,-15.03,-73.78,52.95,62,50,8.68,PE,scattered clouds,0.0,0.0,2020-05-30 21:28:39
933,Coracora,-15.03,-73.78,52.95,62,50,8.68,PE,,,,2020-05-30 21:28:39
934,Sungurlu,40.17,34.37,53.91,50,0,2.98,TR,clear sky,0.0,0.0,2020-05-30 21:28:40
935,Sungurlu,40.17,34.37,53.91,50,0,2.98,TR,,,,2020-05-30 21:28:40
936,Solwezi,-12.17,26.39,59.95,60,33,2.95,ZM,scattered clouds,0.0,0.0,2020-05-30 21:28:40
937,Solwezi,-12.17,26.39,59.95,60,33,2.95,ZM,,,,2020-05-30 21:28:40
938,Lanzhou,36.06,103.79,57.99,59,49,1.97,CN,scattered clouds,0.0,0.0,2020-05-30 21:28:40
939,Lanzhou,36.06,103.79,57.99,59,49,1.97,CN,,,,2020-05-30 21:28:40
940,Tsumeb,-19.23,17.72,58.98,28,0,7.81,NA,clear sky,0.0,0.0,2020-05-30 21:28:40
941,Tsumeb,-19.23,17.72,58.98,28,0,7.81,NA,,,,2020-05-30 21:28:40
942,Fairfield,41.27,-73.32,82.0,31,40,9.17,US,scattered clouds,0.0,0.0,2020-05-30 21:24:42
943,Fairfield,41.27,-73.32,82.0,31,40,9.17,US,,,,2020-05-30 21:24:42
944,Tiarei,-17.53,-149.33,86.0,70,20,3.36,PF,few clouds,0.0,0.0,2020-05-30 21:28:40
945,Tiarei,-17.53,-149.33,86.0,70,20,3.36,PF,,,,2020-05-30 21:28:40
946,Berlevag,70.86,29.09,41.7,79,100,5.39,NO,overcast clouds,0.0,0.0,2020-05-30 21:23:28
947,Berlevag,70.86,29.09,41.7,79,100,5.39,NO,,,,2020-05-30 21:23:28
948,Bundibugyo,0.74,30.04,68.04,89,98,2.33,UG,overcast clouds,0.0,0.0,2020-05-30 21:28:40
949,Bundibugyo,0.74,30.04,68.04,89,98,2.33,UG,,,,2020-05-30 21:28:40
950,Aswan,24.09,32.91,80.6,8,0,13.87,EG,clear sky,0.0,0.0,2020-05-30 21:24:00
951,Aswan,24.09,32.91,80.6,8,0,13.87,EG,,,,2020-05-30 21:24:00
952,Verkhnyaya Inta,65.98,60.31,39.11,89,100,14.29,RU,light rain,0.0,0.0,2020-05-30 21:28:41
953,Verkhnyaya Inta,65.98,60.31,39.11,89,100,14.29,RU,,,,2020-05-30 21:28:41
954,Senno,59.53,33.92,49.87,67,0,9.8,RU,clear sky,0.0,0.0,2020-05-30 21:28:41
955,Senno,59.53,33.92,49.87,67,0,9.8,RU,,,,2020-05-30 21:28:41
956,Constantine,36.37,6.61,59.0,67,20,2.24,DZ,few clouds,0.0,0.0,2020-05-30 21:28:10
957,Constantine,36.37,6.61,59.0,67,20,2.24,DZ,,,,2020-05-30 21:28:10
958,Buta,2.79,24.73,71.11,92,96,2.26,CD,overcast clouds,0.0,0.0,2020-05-30 21:28:41
959,Buta,2.79,24.73,71.11,92,96,2.26,CD,,,,2020-05-30 21:28:41
960,Sinait,17.87,120.46,78.8,94,20,3.02,PH,few clouds,0.0,0.0,2020-05-30 21:28:41
961,Sinait,17.87,120.46,78.8,94,20,3.02,PH,,,,2020-05-30 21:28:41
962,Half Moon Bay,37.46,-122.43,72.0,82,90,16.11,US,overcast clouds,0.0,0.0,2020-05-30 21:20:04
963,Half Moon Bay,37.46,-122.43,72.0,82,90,16.11,US,,,,2020-05-30 21:20:04
964,Tambura,5.6,27.47,71.4,93,98,2.42,SS,overcast clouds,0.0,0.0,2020-05-30 21:25:06
965,Tambura,5.6,27.47,71.4,93,98,2.42,SS,,,,2020-05-30 21:25:06
966,Jacareacanga,-6.22,-57.75,82.63,72,20,3.22,BR,few clouds,0.0,0.0,2020-05-30 21:23:37
967,Jacareacanga,-6.22,-57.75,82.63,72,20,3.22,BR,,,,2020-05-30 21:23:37
968,Fairbanks,64.84,-147.72,77.0,20,75,11.41,US,broken clouds,0.0,0.0,2020-05-30 21:20:10
969,Fairbanks,64.84,-147.72,77.0,20,75,11.41,US,,,,2020-05-30 21:20:10
970,Tahta,26.77,31.5,82.4,22,0,16.11,EG,clear sky,0.0,0.0,2020-05-30 21:28:41
971,Tahta,26.77,31.5,82.4,22,0,16.11,EG,,,,2020-05-30 21:28:41
972,Polovinnoye,54.79,65.99,60.3,61,0,2.64,RU,clear sky,0.0,0.0,2020-05-30 21:28:42
973,Polovinnoye,54.79,65.99,60.3,61,0,2.64,RU,,,,2020-05-30 21:28:42
974,Botucatu,-22.89,-48.45,59.36,81,0,2.98,BR,clear sky,0.0,0.0,2020-05-30 21:28:42
975,Botucatu,-22.89,-48.45,59.36,81,0,2.98,BR,,,,2020-05-30 21:28:42
976,Sabha,27.04,14.43,85.21,23,31,11.95,LY,scattered clouds,0.0,0.0,2020-05-30 21:24:04
977,Sabha,27.04,14.43,85.21,23,31,11.95,LY,,,,2020-05-30 21:24:04
978,Velsk,61.07,42.1,47.03,78,42,6.82,RU,scattered clouds,0.0,0.0,2020-05-30 21:28:42
979,Velsk,61.07,42.1,47.03,78,42,6.82,RU,,,,2020-05-30 21:28:42
980,Whitley Bay,55.04,-1.45,53.01,81,0,4.7,GB,clear sky,0.0,0.0,2020-05-30 21:28:42
981,Whitley Bay,55.04,-1.45,53.01,81,0,4.7,GB,,,,2020-05-30 21:28:42
982,Barguzin,53.62,109.62,38.82,69,0,0.94,RU,clear sky,0.0,0.0,2020-05-30 21:28:42
983,Barguzin,53.62,109.62,38.82,69,0,0.94,RU,,,,2020-05-30 21:28:42
984,Ust-Omchug,61.15,149.63,36.12,83,100,3.47,RU,overcast clouds,0.0,0.0,2020-05-30 21:28:42
985,Ust-Omchug,61.15,149.63,36.12,83,100,3.47,RU,,,,2020-05-30 21:28:42
986,Inyonga,-6.72,32.07,70.11,59,64,4.29,TZ,broken clouds,0.0,0.0,2020-05-30 21:27:05
987,Inyonga,-6.72,32.07,70.11,59,64,4.29,TZ,,,,2020-05-30 21:27:05
988,Japura,-0.32,102.35,74.75,97,14,1.86,ID,few clouds,0.0,0.0,2020-05-30 21:23:28
989,Japura,-0.32,102.35,74.75,97,14,1.86,ID,,,,2020-05-30 21:23:28
990,Troitskoye,52.98,84.68,48.7,93,0,6.33,RU,clear sky,0.0,0.0,2020-05-30 21:28:43
991,Troitskoye,52.98,84.68,48.7,93,0,6.33,RU,,,,2020-05-30 21:28:43
992,Omsukchan,62.53,155.8,32.32,94,26,4.14,RU,scattered clouds,0.0,0.0,2020-05-30 21:28:43
993,Omsukchan,62.53,155.8,32.32,94,26,4.14,RU,,,,2020-05-30 21:28:43
994,Padang,-0.95,100.35,79.63,78,100,3.06,ID,light rain,0.0,0.0,2020-05-30 21:19:46
995,Padang,-0.95,100.35,79.63,78,100,3.06,ID,,,,2020-05-30 21:19:46
996,Flin Flon,54.77,-101.86,69.8,21,20,13.87,CA,few clouds,0.0,0.0,2020-05-30 21:28:43
997,Flin Flon,54.77,-101.86,69.8,21,20,13.87,CA,,,,2020-05-30 21:28:43
998,Pietarsaari,63.65,22.68,46.99,70,6,5.82,FI,clear sky,0.0,0.0,2020-05-30 21:28:43
999,Pietarsaari,63.65,22.68,46.99,70,6,5.82,FI,,,,2020-05-30 21:28:43
1000,Waingapu,-9.66,120.26,75.6,86,5,7.05,ID,clear sky,0.0,0.0,2020-05-30 21:28:43
1001,Waingapu,-9.66,120.26,75.6,86,5,7.05,ID,,,,2020-05-30 21:28:43
1002,Barajevo,44.58,20.42,53.6,100,25,5.82,RS,scattered clouds,0.0,0.0,2020-05-30 21:28:43
1003,Barajevo,44.58,20.42,53.6,100,25,5.82,RS,,,,2020-05-30 21:28:43
1004,Cartagena Del Chaira,1.33,-74.84,87.48,56,65,1.74,CO,broken clouds,0.0,0.0,2020-05-30 21:28:43
1005,Cartagena Del Chaira,1.33,-74.84,87.48,56,65,1.74,CO,,,,2020-05-30 21:28:43
1006,Sarangani,5.4,125.46,84.67,73,98,9.08,PH,moderate rain,0.0,0.0,2020-05-30 21:28:43
1007,Sarangani,5.4,125.46,84.67,73,98,9.08,PH,,,,2020-05-30 21:28:43
1008,Boyuibe,-20.42,-63.28,77.16,55,71,4.0,BO,broken clouds,0.0,0.0,2020-05-30 21:28:44
1009,Boyuibe,-20.42,-63.28,77.16,55,71,4.0,BO,,,,2020-05-30 21:28:44
1010,Shimoda,34.67,138.95,62.01,92,100,3.58,JP,light rain,0.0,0.0,2020-05-30 21:20:01
1011,Shimoda,34.67,138.95,62.01,92,100,3.58,JP,,,,2020-05-30 21:20:01
1012,Buala,-8.14,159.59,82.26,76,65,4.38,SB,light rain,0.0,0.0,2020-05-30 21:19:43
1013,Buala,-8.14,159.59,82.26,76,65,4.38,SB,,,,2020-05-30 21:19:43
1014,Cap Malheureux,-19.98,57.61,71.01,84,0,5.01,MU,clear sky,0.0,0.0,2020-05-30 21:23:54
1015,Cap Malheureux,-19.98,57.61,71.01,84,0,5.01,MU,,,,2020-05-30 21:23:54
1016,Jiayuguan,39.82,98.3,56.12,31,0,6.04,CN,clear sky,0.0,0.0,2020-05-30 21:28:44
1017,Jiayuguan,39.82,98.3,56.12,31,0,6.04,CN,,,,2020-05-30 21:28:44
1018,Semey,50.41,80.23,60.1,51,6,5.95,KZ,clear sky,0.0,0.0,2020-05-30 21:28:44
1019,Semey,50.41,80.23,60.1,51,6,5.95,KZ,,,,2020-05-30 21:28:44
1020,Itacoatiara,-3.14,-58.44,80.6,88,95,2.24,BR,light rain,0.0,0.0,2020-05-30 21:28:44
1021,Itacoatiara,-3.14,-58.44,80.6,88,95,2.24,BR,,,,2020-05-30 21:28:44
1022,Smoky Lake,54.12,-112.47,72.0,51,99,13.0,CA,overcast clouds,0.0,0.0,2020-05-30 21:28:44
1023,Smoky Lake,54.12,-112.47,72.0,51,99,13.0,CA,,,,2020-05-30 21:28:44
1024,Shihezi,44.3,86.03,71.82,25,52,9.33,CN,broken clouds,0.0,0.0,2020-05-30 21:28:44
1025,Shihezi,44.3,86.03,71.82,25,52,9.33,CN,,,,2020-05-30 21:28:44
1026,Chickasha,35.05,-97.94,84.99,32,1,10.29,US,clear sky,0.0,0.0,2020-05-30 21:28:45
1027,Chickasha,35.05,-97.94,84.99,32,1,10.29,US,,,,2020-05-30 21:28:45
1028,Adre,13.47,22.2,83.93,14,97,13.78,TD,overcast clouds,0.0,0.0,2020-05-30 21:28:45
1029,Adre,13.47,22.2,83.93,14,97,13.78,TD,,,,2020-05-30 21:28:45
1030,Aasiaat,68.71,-52.87,34.52,85,2,9.08,GL,clear sky,0.0,0.0,2020-05-30 21:23:25
1031,Aasiaat,68.71,-52.87,34.52,85,2,9.08,GL,,,,2020-05-30 21:23:25
1032,Buraydah,26.33,43.98,91.4,22,0,17.22,SA,clear sky,0.0,0.0,2020-05-30 21:18:39
1033,Buraydah,26.33,43.98,91.4,22,0,17.22,SA,,,,2020-05-30 21:18:39
1034,Ust-Maya,60.42,134.53,42.1,58,0,1.28,RU,clear sky,0.0,0.0,2020-05-30 21:28:45
1035,Ust-Maya,60.42,134.53,42.1,58,0,1.28,RU,,,,2020-05-30 21:28:45
1036,Marigot,18.07,-63.08,87.8,58,20,10.29,MF,few clouds,0.0,0.0,2020-05-30 21:28:45
1037,Marigot,18.07,-63.08,87.8,58,20,10.29,MF,,,,2020-05-30 21:28:45
1038,Angoram,-4.06,144.07,74.26,98,90,2.48,PG,light rain,0.0,0.0,2020-05-30 21:28:45
1039,Angoram,-4.06,144.07,74.26,98,90,2.48,PG,,,,2020-05-30 21:28:45
1040,Sinnamary,5.38,-52.95,80.62,84,100,8.08,GF,light rain,0.0,0.0,2020-05-30 21:19:58
1041,Sinnamary,5.38,-52.95,80.62,84,100,8.08,GF,,,,2020-05-30 21:19:58
1042,Boshnyakovo,49.63,142.17,54.5,68,10,3.78,RU,clear sky,0.0,0.0,2020-05-30 21:28:45
1043,Boshnyakovo,49.63,142.17,54.5,68,10,3.78,RU,,,,2020-05-30 21:28:45
1044,Mae Sai,20.43,99.88,75.2,94,20,3.36,TH,few clouds,0.0,0.0,2020-05-30 21:28:45
1045,Mae Sai,20.43,99.88,75.2,94,20,3.36,TH,,,,2020-05-30 21:28:45
1046,Veraval,20.9,70.37,83.77,87,17,10.85,IN,few clouds,0.0,0.0,2020-05-30 21:28:46
1047,Veraval,20.9,70.37,83.77,87,17,10.85,IN,,,,2020-05-30 21:28:46
1048,Maceio,-9.67,-35.74,73.4,94,90,9.17,BR,light rain,0.0,0.0,2020-05-30 21:25:08
1049,Maceio,-9.67,-35.74,73.4,94,90,9.17,BR,,,,2020-05-30 21:25:08
1050,Solnechnyy,50.72,136.63,58.71,90,80,2.1,RU,broken clouds,0.0,0.0,2020-05-30 21:28:46
1051,Solnechnyy,50.72,136.63,58.71,90,80,2.1,RU,,,,2020-05-30 21:28:46
1052,Shadegan,30.65,48.66,91.4,20,15,11.41,IR,few clouds,0.0,0.0,2020-05-30 21:28:46
1053,Shadegan,30.65,48.66,91.4,20,15,11.41,IR,,,,2020-05-30 21:28:46
1054,Tibu,8.64,-72.74,80.78,86,99,2.59,CO,light rain,0.0,0.0,2020-05-30 21:28:46
1055,Tibu,8.64,-72.74,80.78,86,99,2.59,CO,,,,2020-05-30 21:28:46
1056,Kimbe,-5.55,150.14,76.86,84,22,3.4,PG,few clouds,0.0,0.0,2020-05-30 21:28:46
1057,Kimbe,-5.55,150.14,76.86,84,22,3.4,PG,,,,2020-05-30 21:28:46
1058,Canyon,34.98,-101.92,89.01,26,0,10.0,US,clear sky,0.0,0.0,2020-05-30 21:24:14
1059,Canyon,34.98,-101.92,89.01,26,0,10.0,US,,,,2020-05-30 21:24:14
1060,College,64.86,-147.8,79.0,23,75,11.41,US,broken clouds,0.0,0.0,2020-05-30 21:23:28
1061,College,64.86,-147.8,79.0,23,75,11.41,US,,,,2020-05-30 21:23:28
1062,Chabahar,25.29,60.64,85.98,76,0,3.13,IR,clear sky,0.0,0.0,2020-05-30 21:28:46
1063,Chabahar,25.29,60.64,85.98,76,0,3.13,IR,,,,2020-05-30 21:28:46
1064,Chernyshevskiy,63.01,112.47,42.78,69,78,4.79,RU,broken clouds,0.0,0.0,2020-05-30 21:28:46
1065,Chernyshevskiy,63.01,112.47,42.78,69,78,4.79,RU,,,,2020-05-30 21:28:46
1066,Willowmore,-33.29,23.49,51.64,68,0,5.3,ZA,clear sky,0.0,0.0,2020-05-30 21:28:47
1067,Willowmore,-33.29,23.49,51.64,68,0,5.3,ZA,,,,2020-05-30 21:28:47
1068,Lagoa,39.05,-27.98,63.68,93,100,12.06,PT,overcast clouds,0.0,0.0,2020-05-30 21:20:06
1069,Lagoa,39.05,-27.98,63.68,93,100,12.06,PT,,,,2020-05-30 21:20:06
1070,Alyangula,-13.85,136.42,62.6,100,40,7.31,AU,scattered clouds,0.0,0.0,2020-05-30 21:20:16
1071,Alyangula,-13.85,136.42,62.6,100,40,7.31,AU,,,,2020-05-30 21:20:16
1072,Nenagh,52.86,-8.2,64.4,55,90,9.17,IE,overcast clouds,0.0,0.0,2020-05-30 21:28:47
1073,Nenagh,52.86,-8.2,64.4,55,90,9.17,IE,,,,2020-05-30 21:28:47
1074,Sola,-13.88,167.55,82.4,88,40,10.22,VU,scattered clouds,0.0,0.0,2020-05-30 21:24:23
1075,Sola,-13.88,167.55,82.4,88,40,10.22,VU,,,,2020-05-30 21:24:23
1076,Odweyne,9.41,45.06,75.58,68,98,13.13,SO,overcast clouds,0.0,0.0,2020-05-30 21:28:47
1077,Odweyne,9.41,45.06,75.58,68,98,13.13,SO,,,,2020-05-30 21:28:47
1078,Port Hedland,-20.32,118.57,71.6,37,75,8.05,AU,broken clouds,0.0,0.0,2020-05-30 21:17:19
1079,Port Hedland,-20.32,118.57,71.6,37,75,8.05,AU,,,,2020-05-30 21:17:19
1080,Ponta Do Sol,32.67,-17.1,66.2,77,40,17.22,PT,scattered clouds,0.0,0.0,2020-05-30 21:17:11
1081,Ponta Do Sol,32.67,-17.1,66.2,77,40,17.22,PT,,,,2020-05-30 21:17:11
1082,Honningsvag,70.98,25.97,42.58,93,100,11.34,NO,light rain,0.0,0.0,2020-05-30 21:28:48
1083,Honningsvag,70.98,25.97,42.58,93,100,11.34,NO,,,,2020-05-30 21:28:48
1084,Turbat,26.0,63.04,79.68,70,0,1.81,PK,clear sky,0.0,0.0,2020-05-30 21:28:48
1085,Turbat,26.0,63.04,79.68,70,0,1.81,PK,,,,2020-05-30 21:28:48
1086,San Jose,37.34,-121.89,71.6,53,75,12.75,US,broken clouds,0.0,0.0,2020-05-30 21:17:26
1087,San Jose,37.34,-121.89,71.6,53,75,12.75,US,,,,2020-05-30 21:17:26
1088,Amga,60.9,131.96,41.97,58,0,0.67,RU,clear sky,0.0,0.0,2020-05-30 21:28:48
1089,Amga,60.9,131.96,41.97,58,0,0.67,RU,,,,2020-05-30 21:28:48
1090,Ibra,22.69,58.53,82.94,68,100,2.91,OM,overcast clouds,0.0,0.0,2020-05-30 21:28:48
1091,Ibra,22.69,58.53,82.94,68,100,2.91,OM,,,,2020-05-30 21:28:48
1092,Bani,18.28,-70.33,86.0,66,40,9.17,DO,scattered clouds,0.0,0.0,2020-05-30 21:28:48
1093,Bani,18.28,-70.33,86.0,66,40,9.17,DO,,,,2020-05-30 21:28:48
1094,Sibolga,1.74,98.78,77.05,83,100,5.35,ID,moderate rain,0.0,0.0,2020-05-30 21:20:37
1095,Sibolga,1.74,98.78,77.05,83,100,5.35,ID,,,,2020-05-30 21:20:37
1096,Bodrum,37.04,27.43,64.4,82,33,4.7,TR,scattered clouds,0.0,0.0,2020-05-30 21:27:21
1097,Bodrum,37.04,27.43,64.4,82,33,4.7,TR,,,,2020-05-30 21:27:21
1098,Pemangkat,1.17,108.97,77.67,91,65,5.17,ID,light rain,0.0,0.0,2020-05-30 21:28:48
1099,Pemangkat,1.17,108.97,77.67,91,65,5.17,ID,,,,2020-05-30 21:28:48
1100,Motril,36.75,-3.52,66.0,83,39,4.0,ES,scattered clouds,0.0,0.0,2020-05-30 21:28:49
1101,Motril,36.75,-3.52,66.0,83,39,4.0,ES,,,,2020-05-30 21:28:49
